participant,qno,rank_systems,rank_1st_system,rank_2nd_system,rank_3rd_system,suspicious_system,score_A,score_B,score_C
P01,1,A>C>B,A,C,B,C,5,3,4
P01,2,C>B>A,C,B,A,A,2,4,5
P01,3,C>B>A,C,B,A,A,2,2,3
P01,4,C>A>B,C,A,B,B,5,4,5
P01,5,A>B>C,A,B,C,C,5,4,3
P01,6,A>C>B,A,C,B,B,5,3,5
P01,7,B>A>C,B,A,C,C,4,5,2
P01,8,C>B>A,C,B,A,A,2,3,5
P01,9,C>B>A,C,B,A,A,3,4,5
P01,10,C>A>B,C,A,B,B,3,4,5
P02,1,A>C>B,A,C,B,C,6,4,5
P02,2,C>A>B,C,A,B,B,5,4,6
P02,3,C>B>A,C,B,A,A,4,5,6
P02,4,A>C>B,A,C,B,B,6,4,5
P02,5,C>A>B,C,A,B,B,5,4,6
P02,6,B>C>A,B,C,A,A,3,5,4
P02,7,B>C>A,B,C,A,B,3,5,4
P02,8,A>B>C,A,B,C,C,5,4,3
P02,9,C>B>A,C,B,A,A,4,5,6
P02,10,C>B>A,C,B,A,A,4,5,6
P03,1,C>B>A,C,B,A,B,2,3,5
P03,2,B>C>A,B,C,A,A,2,5,3
P03,3,A>B>C,A,B,C,C,6,3,2
P03,4,C>B>A,C,B,A,A,2,3,5
P03,5,C>A>B,C,A,B,B,3,2,5
P03,6,B>C>A,B,C,A,A,2,6,3
P03,7,B>C>A,B,C,A,A,2,5,3
P03,8,C>A>B,C,A,B,B,5,3,6
P03,9,C>A>B,C,A,B,B,3,2,6
P03,10,B>A>C,B,A,C,C,2,5,1
P04,1,B>A>C,B,A,C,C,3,5,1
P04,2,C>B>A,C,B,A,A,3,4,5
P04,3,B>A>C,B,A,C,C,3,5,2
P04,4,A>C>B,A,C,B,B,5,2,4
P04,5,A>C>B,A,C,B,B,4,2,3
P04,6,A>C>B,A,C,B,B,4,2,3
P04,7,C>A>B,C,A,B,B,5,3,2
P04,8,A>B>C,A,B,C,C,5,3,2
P04,9,A>B>C,A,B,C,C,4,3,2
P04,10,A>C>B,A,C,B,B,4,2,3
P05,1,B>A>C,B,A,C,C,5,6,4
P05,2,B>A>C,B,A,C,C,5,6,4
P05,3,A>B>C,A,B,C,C,6,5,4
P05,4,C>A>B,C,A,B,B,5,4,6
P05,5,B>A>C,B,A,C,C,4,5,3
P05,6,A>C>B,A,C,B,B,6,4,5
P05,7,C>A>B,C,A,B,B,4,3,5
P05,8,A>B>C,A,B,C,C,5,4,3
P05,9,C>A>B,C,A,B,B,4,3,5
P05,10,A>C>B,A,C,B,B,6,4,5
P06,1,C>B>A,C,B,A,A,4,4,5
P06,2,C>B>A,C,B,A,A,4,3,5
P06,3,B>A>C,B,A,C,B,4,4,4
P06,4,C>B>A,C,B,A,B,4,4,5
P06,5,A>C>B,A,C,B,B,4,5,5
P06,6,C>A>B,C,A,B,B,4,3,4
P06,7,B>A>C,B,A,C,C,4,5,4
P06,8,C>A>B,C,A,B,B,4,3,4
P06,9,C>B>A,C,B,A,A,4,4,5
P06,10,C>A>B,C,A,B,A,4,3,4
P07,1,A>B>C,A,B,C,C,5,4,4
P07,2,C>B>A,C,B,A,A,3,5,5
P07,3,C>A>B,C,A,B,B,4,3,5
P07,4,C>A>B,C,A,B,B,4,4,4
P07,5,A>B>C,A,B,C,B,4,4,4
P07,6,A>C>B,A,C,B,B,4,3,4
P07,7,C>B>A,C,B,A,A,4,5,5
P07,8,A>B>C,A,B,C,C,5,4,3
P07,9,A>B>C,A,B,C,C,3,5,5
P07,10,A>B>C,A,B,C,C,5,5,5
P08,1,A>C>B,A,C,B,B,6,2,5
P08,2,A>C>B,A,C,B,B,6,3,5
P08,3,A>C>B,A,C,B,B,5,2,4
P08,4,C>B>A,C,B,A,A,2,4,6
P08,5,A>C>B,A,C,B,B,6,2,5
P08,6,C>A>B,C,A,B,B,5,2,6
P08,7,C>B>A,C,B,A,A,2,4,5
P08,8,C>A>B,C,A,B,B,4,2,5
P08,9,C>A>B,C,A,B,B,2,4,5
P08,10,A>C>B,A,C,B,B,5,2,4
P09,1,A>B>C,A,B,C,C,5,3,2
P09,2,C>A>B,C,A,B,A,3,2,5
P09,3,A>C>B,A,C,B,B,5,2,3
P09,4,C>A>B,C,A,B,A,3,2,5
P09,5,A>C>B,A,C,B,C,5,2,3
P09,6,A>C>B,A,C,B,B,5,2,3
P09,7,C>A>B,C,A,B,B,3,2,5
P09,8,A>B>C,A,B,C,C,5,3,2
P09,9,C>B>A,C,B,A,A,2,3,5
P09,10,C>A>B,C,A,B,B,3,2,5
P10,1,B>A>C,B,A,C,C,3,6,4
P10,2,C>B>A,C,B,A,A,3,4,5
P10,3,C>B>A,C,B,A,A,4,5,6
P10,4,B>A>C,B,A,C,C,5,6,4
P10,5,A>B>C,A,B,C,B,6,5,4
P10,6,B>A>C,B,A,C,C,5,6,4
P10,7,A>B>C,A,B,C,C,6,4,3
P10,8,C>B>A,C,B,A,A,4,5,6
P10,9,B>C>A,B,C,A,A,3,6,5
P10,10,A>B>C,A,B,C,B,6,4,3
P11,1,A>C>B,A,C,B,B,6,2,5
P11,2,A>C>B,A,C,B,B,5,3,4
P11,3,A>B>C,A,B,C,C,5,4,2
P11,4,C>A>B,C,A,B,B,4,2,5
P11,5,A>C>B,A,C,B,B,5,3,4
P11,6,C>A>B,C,A,B,B,5,2,4
P11,7,A>C>B,A,C,B,B,6,2,4
P11,8,B>A>C,B,A,C,C,4,5,2
P11,9,C>B>A,C,B,A,A,3,4,5
P11,10,A>C>B,A,C,B,B,6,2,4
P12,1,A>B>C,A,B,C,C,5,4,2
P12,2,C>B>A,C,B,A,A,3,3,5
P12,3,B>C>A,B,C,A,A,2,4,3
P12,4,C>A>B,C,A,B,B,4,2,5
P12,5,B>A>C,B,A,C,C,4,5,2
P12,6,C>A>B,C,A,B,B,2,1,4
P12,7,C>B>A,C,B,A,A,3,4,5
P12,8,A>B>C,A,B,C,B,4,1,2
P12,9,C>A>B,C,A,B,A,3,4,5
P12,10,A>C>B,A,C,B,B,2,5,4
P13,1,B>A>C,B,A,C,C,4,6,2
P13,2,C>B>A,C,B,A,A,2,6,4
P13,3,A>C>B,A,C,B,B,6,4,2
P13,4,B>C>A,B,C,A,A,2,6,4
P13,5,C>A>B,C,A,B,B,5,1,3
P13,6,C>B>A,C,B,A,A,1,3,4
P13,7,B>A>C,B,A,C,C,3,5,2
P13,8,B>C>A,B,C,A,A,2,6,4
P13,9,C>B>A,C,B,A,A,2,4,6
P13,10,B>C>A,B,C,A,B,6,2,4
P14,1,A>C>B,A,C,B,C,5,2,3
P14,2,A>C>B,A,C,B,B,5,2,4
P14,3,B>C>A,B,C,A,A,2,6,4
P14,4,C>B>A,C,B,A,A,2,4,5
P14,5,A>B>C,A,B,C,B,5,4,2
P14,6,C>A>B,C,A,B,B,4,2,6
P14,7,C>B>A,C,B,A,A,2,4,5
P14,8,B>A>C,B,A,C,C,3,5,2
P14,9,C>A>B,C,A,B,B,4,3,6
P14,10,A>C>B,A,C,B,B,5,2,4
P15,1,B>C>A,B,C,A,A,2,6,4
P15,2,C>A>B,C,A,B,B,4,2,5
P15,3,B>C>A,B,C,A,A,2,5,4
P15,4,A>B>C,A,B,C,C,6,5,2
P15,5,B>C>A,B,C,A,A,1,5,3
P15,6,C>B>A,C,B,A,A,2,4,6
P15,7,B>A>C,B,A,C,C,6,4,1
P15,8,A>B>C,A,B,C,C,7,4,1
P15,9,B>C>A,B,C,A,A,1,6,3
P15,10,A>C>B,A,C,B,B,6,1,4
P16,1,A>B>C,A,B,C,C,5,4,3
P16,2,B>C>A,B,C,A,B,3,5,4
P16,3,A>C>B,A,C,B,B,5,3,5
P16,4,C>A>B,C,A,B,B,4,3,5
P16,5,A>B>C,A,B,C,C,5,4,3
P16,6,C>A>B,C,A,B,B,4,3,5
P16,7,A>B>C,A,B,C,C,5,4,3
P16,8,C>A>B,C,A,B,B,4,3,5
P16,9,C>B>A,C,B,A,A,3,4,5
P16,10,B>C>A,B,C,A,A,3,5,4
P17,1,B>C>A,B,C,A,A,3,6,5
P17,2,B>C>A,B,C,A,A,2,5,4
P17,3,B>A>C,B,A,C,C,5,6,3
P17,4,B>C>A,B,C,A,A,2,5,4
P17,5,C>B>A,C,B,A,A,2,4,6
P17,6,B>C>A,B,C,A,A,1,6,5
P17,7,B>C>A,B,C,A,A,2,5,4
P17,8,B>A>C,B,A,C,C,5,6,2
P17,9,A>C>B,A,C,B,B,6,3,5
P17,10,B>A>C,B,A,C,C,5,6,2
P18,1,A>C>B,A,C,B,B,5,2,4
P18,2,B>C>A,B,C,A,A,3,6,5
P18,3,A>B>C,A,B,C,C,5,4,3
P18,4,B>A>C,B,A,C,C,5,6,2
P18,5,A>C>B,A,C,B,B,6,3,4
P18,6,C>A>B,C,A,B,B,4,3,6
P18,7,B>A>C,B,A,C,C,4,6,2
P18,8,B>A>C,B,A,C,C,5,6,4
P18,9,B>C>A,B,C,A,A,2,5,4
P18,10,B>A>C,B,A,C,C,5,6,4
P19,1,C>A>B,C,A,B,B,5,2,6
P19,2,C>B>A,C,B,A,A,3,5,6
P19,3,B>C>A,B,C,A,A,4,6,5
P19,4,B>A>C,B,A,C,C,5,6,4
P19,5,B>C>A,B,C,A,A,3,6,4
P19,6,B>A>C,B,A,C,C,5,6,3
P19,7,B>C>A,B,C,A,A,4,6,5
P19,8,A>B>C,A,B,C,C,6,4,3
P19,9,C>A>B,C,A,B,B,5,3,6
P19,10,B>A>C,B,A,C,C,5,6,4
P20,1,B>C>A,B,C,A,A,3,6,5
P20,2,C>A>B,C,A,B,B,5,2,6
P20,3,B>A>C,B,A,C,C,3,5,2
P20,4,A>B>C,A,B,C,C,6,5,3
P20,5,B>A>C,B,A,C,C,5,6,2
P20,6,C>B>A,C,B,A,A,1,4,6
P20,7,B>C>A,B,C,A,A,2,7,5
P20,8,B>A>C,B,A,C,C,4,6,1
P20,9,A>B>C,A,B,C,C,6,4,3
P20,10,A>C>B,A,C,B,B,6,2,4
P21,1,B>A>C,B,A,C,C,5,7,1
P21,2,A>C>B,A,C,B,B,6,1,5
P21,3,B>A>C,B,A,C,C,5,7,1
P21,4,B>A>C,B,A,C,C,6,7,2
P21,5,C>A>B,C,A,B,B,6,2,7
P21,6,A>C>B,A,C,B,B,6,1,4
P21,7,B>A>C,B,A,C,C,5,6,1
P21,8,B>A>C,B,A,C,C,5,6,3
P21,9,A>C>B,A,C,B,B,1,6,4
P21,10,B>A>C,B,A,C,C,4,6,2
P22,1,A>C>B,A,C,B,B,5,1,3
P22,2,C>B>A,C,B,A,A,2,4,5
P22,3,B>A>C,B,A,C,C,4,6,2
P22,4,C>A>B,C,A,B,B,4,3,5
P22,5,A>C>B,A,C,B,B,6,2,4
P22,6,A>C>B,A,C,B,B,6,2,5
P22,7,A>C>B,A,C,B,B,6,2,5
P22,8,A>C>B,A,C,B,B,6,2,4
P22,9,B>A>C,B,A,C,C,4,5,3
P22,10,A>B>C,A,B,C,C,6,5,2
P23,1,B>C>A,B,C,A,A,2,7,5
P23,2,C>B>A,C,B,A,A,2,4,6
P23,3,B>C>A,B,C,A,A,2,7,5
P23,4,B>A>C,B,A,C,C,5,7,2
P23,5,B>C>A,B,C,A,A,2,7,4
P23,6,B>C>A,B,C,A,A,1,6,4
P23,7,B>A>C,B,A,C,C,4,6,1
P23,8,B>A>C,B,A,C,C,4,6,1
P23,9,A>C>B,A,C,B,B,6,2,4
P23,10,B>C>A,B,C,A,A,2,6,4
P24,1,B>A>C,B,A,C,C,5,6,2
P24,2,B>A>C,B,A,C,C,4,6,3
P24,3,B>C>A,B,C,A,A,4,6,5
P24,4,A>C>B,A,C,B,B,5,2,4
P24,5,C>A>B,C,A,B,B,5,3,6
P24,6,A>C>B,A,C,B,B,6,3,4
P24,7,C>A>B,C,A,B,B,4,3,5
P24,8,B>C>A,B,C,A,A,2,6,4
P24,9,C>B>A,C,B,A,A,3,5,6
P24,10,C>A>B,C,A,B,B,5,4,6
P25,1,A>C>B,A,C,B,B,5,3,4
P25,2,C>B>A,C,B,A,A,4,5,6
P25,3,A>B>C,A,B,C,C,6,5,4
P25,4,B>C>A,B,C,A,A,4,6,5
P25,5,A>C>B,A,C,B,B,6,4,5
P25,6,C>A>B,C,A,B,B,5,4,6
P25,7,A>C>B,A,C,B,B,6,4,5
P25,8,C>A>B,C,A,B,B,4,3,5
P25,9,B>C>A,B,C,A,A,4,6,5
P25,10,A>B>C,A,B,C,C,6,5,4
P26,1,A>C>B,A,C,B,B,4,2,3
P26,2,C>A>B,C,A,B,B,4,3,5
P26,3,C>B>A,C,B,A,A,3,4,5
P26,4,B>A>C,B,A,C,C,4,5,3
P26,5,C>B>A,C,B,A,A,3,4,5
P26,6,B>C>A,B,C,A,A,3,5,4
P26,7,C>B>A,C,B,A,A,3,4,5
P26,8,A>C>B,A,C,B,B,3,4,4
P26,9,B>C>A,B,C,A,A,3,5,4
P26,10,B>C>A,B,C,A,A,3,5,4
P27,1,C>B>A,C,B,A,A,1,2,6
P27,2,C>B>A,C,B,A,A,2,3,5
P27,3,C>B>A,C,B,A,A,3,4,5
P27,4,C>B>A,C,B,A,A,4,5,6
P27,5,C>B>A,C,B,A,A,3,4,5
P27,6,A>B>C,A,B,C,C,6,5,4
P27,7,C>B>A,C,B,A,A,3,4,5
P27,8,C>B>A,C,B,A,A,3,4,5
P27,9,C>B>A,C,B,A,A,3,5,6
P27,10,C>B>A,C,B,A,A,3,5,7
P28,1,C>B>A,C,B,A,A,2,4,6
P28,2,C>B>A,C,B,A,A,2,3,5
P28,3,C>B>A,C,B,A,A,3,4,5
P28,4,C>B>A,C,B,A,A,4,5,6
P28,5,C>B>A,C,B,A,A,3,4,5
P28,6,A>B>C,A,B,C,C,6,5,4
P28,7,C>B>A,C,B,A,A,3,4,5
P28,8,C>B>A,C,B,A,A,3,4,5
P28,9,C>B>A,C,B,A,A,3,5,6
P28,10,C>B>A,C,B,A,A,3,5,7
P29,1,C>B>A,C,B,A,A,3,5,6
P29,2,C>B>A,C,B,A,A,2,4,5
P29,3,C>B>A,C,B,A,A,3,4,6
P29,4,C>B>A,C,B,A,A,3,5,6
P29,5,C>B>A,C,B,A,A,3,4,6
P29,6,A>B>C,A,B,C,C,6,5,4
P29,7,C>B>A,C,B,A,A,3,4,5
P29,8,C>B>A,C,B,A,A,2,4,5
P29,9,C>B>A,C,B,A,A,4,5,6
P29,10,C>B>A,C,B,A,A,2,5,7
P30,1,C>B>A,C,B,A,A,3,5,6
P30,2,C>B>A,C,B,A,A,3,4,7
P30,3,C>B>A,C,B,A,A,3,5,7
P30,4,C>B>A,C,B,A,A,3,5,6
P30,5,C>B>A,C,B,A,A,3,4,7
P30,6,A>B>C,A,B,C,C,7,5,4
P30,7,C>B>A,C,B,A,A,4,6,7
P30,8,C>B>A,C,B,A,A,2,4,6
P30,9,C>B>A,C,B,A,A,4,5,7
P30,10,C>B>A,C,B,A,A,3,5,7
