group_type,group,threshold,n,predicted_match,tp,fp,fn,tn,precision,recall,f1,accuracy
overall,all,0.6,320,263,152,111,0,57,0.5779467680608364,1.0,0.7325301204819276,0.653125
overall,all,0.65,320,231,152,79,0,89,0.658008658008658,1.0,0.7937336814621411,0.753125
overall,all,0.7,320,203,152,51,0,117,0.7487684729064039,1.0,0.856338028169014,0.840625
overall,all,0.72,320,197,152,45,0,123,0.7715736040609137,1.0,0.8710601719197707,0.859375
overall,all,0.75,320,197,152,45,0,123,0.7715736040609137,1.0,0.8710601719197707,0.859375
overall,all,0.8,320,180,152,28,0,140,0.8444444444444444,1.0,0.9156626506024096,0.9125
overall,all,0.85,320,164,152,12,0,156,0.926829268292683,1.0,0.9620253164556963,0.9625
overall,all,0.9,320,160,151,9,1,159,0.94375,0.993421052631579,0.967948717948718,0.96875
overall,all,0.95,320,160,151,9,1,159,0.94375,0.993421052631579,0.967948717948718,0.96875
language,Chinese-present,0.6,4,2,2,0,0,2,1.0,1.0,1.0,1.0
language,Chinese-present,0.65,4,2,2,0,0,2,1.0,1.0,1.0,1.0
language,Chinese-present,0.7,4,2,2,0,0,2,1.0,1.0,1.0,1.0
language,Chinese-present,0.72,4,2,2,0,0,2,1.0,1.0,1.0,1.0
language,Chinese-present,0.75,4,2,2,0,0,2,1.0,1.0,1.0,1.0
language,Chinese-present,0.8,4,2,2,0,0,2,1.0,1.0,1.0,1.0
language,Chinese-present,0.85,4,2,2,0,0,2,1.0,1.0,1.0,1.0
language,Chinese-present,0.9,4,2,2,0,0,2,1.0,1.0,1.0,1.0
language,Chinese-present,0.95,4,2,2,0,0,2,1.0,1.0,1.0,1.0
language,English/Latin,0.6,316,261,150,111,0,55,0.5747126436781609,1.0,0.7299270072992701,0.6487341772151899
language,English/Latin,0.65,316,229,150,79,0,87,0.6550218340611353,1.0,0.7915567282321899,0.75
language,English/Latin,0.7,316,201,150,51,0,115,0.746268656716418,1.0,0.8547008547008548,0.8386075949367089
language,English/Latin,0.72,316,195,150,45,0,121,0.7692307692307693,1.0,0.8695652173913044,0.8575949367088608
language,English/Latin,0.75,316,195,150,45,0,121,0.7692307692307693,1.0,0.8695652173913044,0.8575949367088608
language,English/Latin,0.8,316,178,150,28,0,138,0.8426966292134831,1.0,0.9146341463414633,0.9113924050632911
language,English/Latin,0.85,316,162,150,12,0,154,0.9259259259259259,1.0,0.9615384615384615,0.9620253164556962
language,English/Latin,0.9,316,158,149,9,1,157,0.9430379746835443,0.9933333333333333,0.9675324675324676,0.9683544303797469
language,English/Latin,0.95,316,158,149,9,1,157,0.9430379746835443,0.9933333333333333,0.9675324675324676,0.9683544303797469
domain,biomedical_evidence_synthesis,0.6,60,51,30,21,0,9,0.5882352941176471,1.0,0.7407407407407407,0.65
domain,biomedical_evidence_synthesis,0.65,60,46,30,16,0,14,0.6521739130434783,1.0,0.7894736842105263,0.7333333333333333
domain,biomedical_evidence_synthesis,0.7,60,36,30,6,0,24,0.8333333333333334,1.0,0.9090909090909091,0.9
domain,biomedical_evidence_synthesis,0.72,60,35,30,5,0,25,0.8571428571428571,1.0,0.923076923076923,0.9166666666666666
domain,biomedical_evidence_synthesis,0.75,60,35,30,5,0,25,0.8571428571428571,1.0,0.923076923076923,0.9166666666666666
domain,biomedical_evidence_synthesis,0.8,60,34,30,4,0,26,0.8823529411764706,1.0,0.9375,0.9333333333333333
domain,biomedical_evidence_synthesis,0.85,60,30,30,0,0,30,1.0,1.0,1.0,1.0
domain,biomedical_evidence_synthesis,0.9,60,30,30,0,0,30,1.0,1.0,1.0,1.0
domain,biomedical_evidence_synthesis,0.95,60,30,30,0,0,30,1.0,1.0,1.0,1.0
domain,climate_policy_research,0.6,56,47,28,19,0,9,0.5957446808510638,1.0,0.7466666666666666,0.6607142857142857
domain,climate_policy_research,0.65,56,43,28,15,0,13,0.6511627906976745,1.0,0.7887323943661972,0.7321428571428571
domain,climate_policy_research,0.7,56,37,28,9,0,19,0.7567567567567568,1.0,0.8615384615384616,0.8392857142857143
domain,climate_policy_research,0.72,56,36,28,8,0,20,0.7777777777777778,1.0,0.8750000000000001,0.8571428571428571
domain,climate_policy_research,0.75,56,36,28,8,0,20,0.7777777777777778,1.0,0.8750000000000001,0.8571428571428571
domain,climate_policy_research,0.8,56,31,28,3,0,25,0.9032258064516129,1.0,0.9491525423728813,0.9464285714285714
domain,climate_policy_research,0.85,56,30,28,2,0,26,0.9333333333333333,1.0,0.9655172413793104,0.9642857142857143
domain,climate_policy_research,0.9,56,28,28,0,0,28,1.0,1.0,1.0,1.0
domain,climate_policy_research,0.95,56,28,28,0,0,28,1.0,1.0,1.0,1.0
domain,digital_humanities,0.6,62,49,31,18,0,13,0.6326530612244898,1.0,0.775,0.7096774193548387
domain,digital_humanities,0.65,62,46,31,15,0,16,0.6739130434782609,1.0,0.8051948051948052,0.7580645161290323
domain,digital_humanities,0.7,62,42,31,11,0,20,0.7380952380952381,1.0,0.8493150684931507,0.8225806451612904
domain,digital_humanities,0.72,62,40,31,9,0,22,0.775,1.0,0.8732394366197184,0.8548387096774194
domain,digital_humanities,0.75,62,40,31,9,0,22,0.775,1.0,0.8732394366197184,0.8548387096774194
domain,digital_humanities,0.8,62,35,31,4,0,27,0.8857142857142857,1.0,0.9393939393939393,0.9354838709677419
domain,digital_humanities,0.85,62,32,31,1,0,30,0.96875,1.0,0.9841269841269841,0.9838709677419355
domain,digital_humanities,0.9,62,31,31,0,0,31,1.0,1.0,1.0,1.0
domain,digital_humanities,0.95,62,31,31,0,0,31,1.0,1.0,1.0,1.0
domain,multi_agent_information_services,0.6,142,116,63,53,0,26,0.5431034482758621,1.0,0.7039106145251397,0.6267605633802817
domain,multi_agent_information_services,0.65,142,96,63,33,0,46,0.65625,1.0,0.7924528301886793,0.7676056338028169
domain,multi_agent_information_services,0.7,142,88,63,25,0,54,0.7159090909090909,1.0,0.8344370860927153,0.823943661971831
domain,multi_agent_information_services,0.72,142,86,63,23,0,56,0.7325581395348837,1.0,0.8456375838926175,0.8380281690140845
domain,multi_agent_information_services,0.75,142,86,63,23,0,56,0.7325581395348837,1.0,0.8456375838926175,0.8380281690140845
domain,multi_agent_information_services,0.8,142,80,63,17,0,62,0.7875,1.0,0.881118881118881,0.8802816901408451
domain,multi_agent_information_services,0.85,142,72,63,9,0,70,0.875,1.0,0.9333333333333333,0.9366197183098591
domain,multi_agent_information_services,0.9,142,71,62,9,1,70,0.8732394366197183,0.9841269841269841,0.9253731343283582,0.9295774647887324
domain,multi_agent_information_services,0.95,142,71,62,9,1,70,0.8732394366197183,0.9841269841269841,0.9253731343283582,0.9295774647887324
