"pair_id","independent_human_label","single_agent_label","arl_label"
"TM001","nonmatch","nonmatch","nonmatch"
"TM002","match","match","match"
"TM003","nonmatch","nonmatch","nonmatch"
"TM004","nonmatch","nonmatch","nonmatch"
"TM005","match","match","match"
"TM006","match","match","match"
"TM007","match","match","match"
"TM008","nonmatch","nonmatch","nonmatch"
"TM009","nonmatch","nonmatch","nonmatch"
"TM010","match","match","match"
"TM011","nonmatch","nonmatch","nonmatch"
"TM012","nonmatch","nonmatch","nonmatch"
"TM013","nonmatch","nonmatch","nonmatch"
"TM014","match","match","match"
"TM015","match","match","match"
"TM016","match","match","match"
"TM017","nonmatch","nonmatch","nonmatch"
"TM018","match","match","match"
"TM019","match","match","match"
"TM020","nonmatch","nonmatch","nonmatch"
"TM021","match","match","match"
"TM022","nonmatch","nonmatch","nonmatch"
"TM023","nonmatch","nonmatch","nonmatch"
"TM024","nonmatch","nonmatch","nonmatch"
"TM025","nonmatch","match","nonmatch"
"TM026","nonmatch","match","nonmatch"
"TM027","nonmatch","nonmatch","nonmatch"
"TM028","match","match","match"
"TM029","match","match","match"
"TM030","nonmatch","nonmatch","nonmatch"
"TM031","match","match","match"
"TM032","nonmatch","nonmatch","nonmatch"
"TM033","nonmatch","nonmatch","nonmatch"
"TM034","match","match","match"
"TM035","match","match","match"
"TM036","nonmatch","nonmatch","nonmatch"
"TM037","nonmatch","nonmatch","nonmatch"
"TM038","nonmatch","match","nonmatch"
"TM039","nonmatch","nonmatch","nonmatch"
"TM040","match","match","match"
"TM041","nonmatch","nonmatch","nonmatch"
"TM042","nonmatch","nonmatch","nonmatch"
"TM043","nonmatch","match","nonmatch"
"TM044","match","match","match"
"TM045","match","match","match"
"TM046","match","match","match"
"TM047","nonmatch","nonmatch","nonmatch"
"TM048","nonmatch","nonmatch","nonmatch"
"TM049","nonmatch","nonmatch","nonmatch"
"TM050","nonmatch","nonmatch","nonmatch"
"TM051","nonmatch","nonmatch","nonmatch"
"TM052","match","match","match"
"TM053","nonmatch","nonmatch","nonmatch"
"TM054","nonmatch","nonmatch","nonmatch"
"TM055","match","match","match"
"TM056","nonmatch","nonmatch","nonmatch"
"TM057","match","match","nonmatch"
"TM058","match","match","match"
"TM059","nonmatch","nonmatch","nonmatch"
"TM060","match","match","match"
"TM061","match","match","match"
"TM062","match","match","match"
"TM063","nonmatch","nonmatch","nonmatch"
"TM064","match","match","match"
"TM065","nonmatch","nonmatch","nonmatch"
"TM066","nonmatch","nonmatch","nonmatch"
"TM067","nonmatch","nonmatch","nonmatch"
"TM068","nonmatch","nonmatch","nonmatch"
"TM069","match","match","match"
"TM070","nonmatch","nonmatch","nonmatch"
"TM071","match","match","match"
"TM072","match","match","match"
"TM073","match","match","match"
"TM074","match","match","match"
"TM075","nonmatch","nonmatch","nonmatch"
"TM076","nonmatch","nonmatch","nonmatch"
"TM077","nonmatch","nonmatch","nonmatch"
"TM078","nonmatch","nonmatch","nonmatch"
"TM079","nonmatch","nonmatch","nonmatch"
"TM080","match","match","match"
"TM081","match","match","match"
"TM082","nonmatch","nonmatch","nonmatch"
"TM083","nonmatch","nonmatch","nonmatch"
"TM084","match","match","match"
"TM085","match","match","match"
"TM086","match","match","match"
"TM087","match","match","match"
"TM088","nonmatch","nonmatch","nonmatch"
"TM089","nonmatch","nonmatch","nonmatch"
"TM090","nonmatch","nonmatch","nonmatch"
"TM091","nonmatch","nonmatch","nonmatch"
"TM092","match","match","match"
"TM093","match","match","match"
"TM094","match","match","match"
"TM095","nonmatch","nonmatch","nonmatch"
"TM096","nonmatch","nonmatch","nonmatch"
"TM097","match","match","match"
"TM098","nonmatch","nonmatch","nonmatch"
"TM099","match","match","match"
"TM100","nonmatch","match","nonmatch"
"TM101","nonmatch","nonmatch","nonmatch"
"TM102","nonmatch","nonmatch","nonmatch"
"TM103","match","match","match"
"TM104","match","match","match"
"TM105","match","match","match"
"TM106","match","match","match"
"TM107","match","match","match"
"TM108","match","match","match"
"TM109","nonmatch","nonmatch","nonmatch"
"TM110","nonmatch","nonmatch","nonmatch"
"TM111","match","match","match"
"TM112","match","match","match"
"TM113","match","match","match"
"TM114","nonmatch","nonmatch","nonmatch"
"TM115","nonmatch","nonmatch","nonmatch"
"TM116","nonmatch","nonmatch","nonmatch"
"TM117","nonmatch","match","nonmatch"
"TM118","nonmatch","nonmatch","nonmatch"
"TM119","match","match","match"
"TM120","match","match","match"
"TM121","match","match","match"
"TM122","nonmatch","nonmatch","nonmatch"
"TM123","match","match","match"
"TM124","nonmatch","nonmatch","nonmatch"
"TM125","match","match","match"
"TM126","nonmatch","nonmatch","nonmatch"
"TM127","nonmatch","nonmatch","nonmatch"
"TM128","nonmatch","nonmatch","nonmatch"
"TM129","nonmatch","nonmatch","nonmatch"
"TM130","match","match","match"
"TM131","match","match","match"
"TM132","nonmatch","nonmatch","nonmatch"
"TM133","nonmatch","nonmatch","nonmatch"
"TM134","nonmatch","nonmatch","nonmatch"
"TM135","nonmatch","nonmatch","nonmatch"
"TM136","nonmatch","nonmatch","nonmatch"
"TM137","match","match","match"
"TM138","match","match","match"
"TM139","nonmatch","nonmatch","nonmatch"
"TM140","nonmatch","nonmatch","nonmatch"
"TM141","match","match","match"
"TM142","nonmatch","nonmatch","nonmatch"
"TM143","match","match","match"
"TM144","nonmatch","nonmatch","nonmatch"
"TM145","nonmatch","nonmatch","nonmatch"
"TM146","nonmatch","nonmatch","nonmatch"
"TM147","nonmatch","nonmatch","nonmatch"
"TM148","nonmatch","nonmatch","nonmatch"
"TM149","match","match","match"
"TM150","nonmatch","nonmatch","nonmatch"
"TM151","match","match","match"
"TM152","nonmatch","match","nonmatch"
"TM153","nonmatch","nonmatch","nonmatch"
"TM154","nonmatch","nonmatch","nonmatch"
"TM155","match","match","match"
"TM156","match","match","match"
"TM157","match","match","match"
"TM158","match","match","match"
"TM159","match","match","match"
"TM160","nonmatch","nonmatch","nonmatch"
"TM161","nonmatch","nonmatch","nonmatch"
"TM162","nonmatch","nonmatch","nonmatch"
"TM163","nonmatch","nonmatch","nonmatch"
"TM164","nonmatch","nonmatch","nonmatch"
"TM165","nonmatch","nonmatch","nonmatch"
"TM166","match","match","match"
"TM167","match","match","match"
"TM168","nonmatch","nonmatch","nonmatch"
"TM169","nonmatch","nonmatch","nonmatch"
"TM170","match","match","match"
"TM171","nonmatch","nonmatch","nonmatch"
"TM172","nonmatch","nonmatch","nonmatch"
"TM173","nonmatch","nonmatch","nonmatch"
"TM174","match","match","match"
"TM175","match","match","match"
"TM176","nonmatch","nonmatch","nonmatch"
"TM177","nonmatch","nonmatch","nonmatch"
"TM178","match","match","match"
"TM179","match","match","match"
"TM180","match","match","match"
"TM181","nonmatch","nonmatch","nonmatch"
"TM182","match","match","match"
"TM183","nonmatch","nonmatch","nonmatch"
"TM184","nonmatch","nonmatch","nonmatch"
"TM185","nonmatch","nonmatch","nonmatch"
"TM186","match","match","match"
"TM187","match","match","match"
"TM188","match","match","match"
"TM189","nonmatch","nonmatch","nonmatch"
"TM190","nonmatch","nonmatch","nonmatch"
"TM191","nonmatch","nonmatch","nonmatch"
"TM192","match","match","match"
"TM193","nonmatch","nonmatch","nonmatch"
"TM194","nonmatch","nonmatch","nonmatch"
"TM195","match","match","match"
"TM196","match","match","match"
"TM197","match","match","match"
"TM198","nonmatch","nonmatch","nonmatch"
"TM199","nonmatch","nonmatch","nonmatch"
"TM200","match","match","match"
"TM201","nonmatch","nonmatch","nonmatch"
"TM202","nonmatch","nonmatch","nonmatch"
"TM203","match","match","match"
"TM204","nonmatch","nonmatch","nonmatch"
"TM205","match","match","match"
"TM206","match","match","match"
"TM207","nonmatch","match","nonmatch"
"TM208","match","match","match"
"TM209","nonmatch","nonmatch","nonmatch"
"TM210","match","match","match"
"TM211","match","match","match"
"TM212","match","match","match"
"TM213","match","match","match"
"TM214","nonmatch","nonmatch","nonmatch"
"TM215","match","match","match"
"TM216","nonmatch","nonmatch","nonmatch"
"TM217","match","match","match"
"TM218","match","match","match"
"TM219","nonmatch","nonmatch","nonmatch"
"TM220","match","match","match"
"TM221","match","match","match"
"TM222","nonmatch","nonmatch","nonmatch"
"TM223","match","match","match"
"TM224","match","match","match"
"TM225","nonmatch","nonmatch","nonmatch"
"TM226","match","match","match"
"TM227","match","match","match"
"TM228","match","match","match"
"TM229","nonmatch","nonmatch","nonmatch"
"TM230","match","match","match"
"TM231","nonmatch","nonmatch","nonmatch"
"TM232","nonmatch","nonmatch","nonmatch"
"TM233","match","match","match"
"TM234","match","match","match"
"TM235","nonmatch","nonmatch","nonmatch"
"TM236","match","match","match"
"TM237","nonmatch","nonmatch","nonmatch"
"TM238","match","match","match"
"TM239","match","match","match"
"TM240","match","match","match"
"TM241","nonmatch","nonmatch","nonmatch"
"TM242","nonmatch","nonmatch","nonmatch"
"TM243","match","match","match"
"TM244","match","match","match"
"TM245","match","match","match"
"TM246","match","match","match"
"TM247","nonmatch","nonmatch","nonmatch"
"TM248","match","match","match"
"TM249","match","match","match"
"TM250","match","match","match"
"TM251","nonmatch","nonmatch","nonmatch"
"TM252","match","match","match"
"TM253","nonmatch","nonmatch","nonmatch"
"TM254","nonmatch","nonmatch","nonmatch"
"TM255","nonmatch","nonmatch","nonmatch"
"TM256","nonmatch","nonmatch","nonmatch"
"TM257","nonmatch","nonmatch","nonmatch"
"TM258","match","match","match"
"TM259","match","match","match"
"TM260","match","match","match"
"TM261","nonmatch","nonmatch","nonmatch"
"TM262","match","match","match"
"TM263","match","match","match"
"TM264","match","match","match"
"TM265","match","match","match"
"TM266","match","match","match"
"TM267","nonmatch","nonmatch","nonmatch"
"TM268","nonmatch","nonmatch","nonmatch"
"TM269","match","match","match"
"TM270","nonmatch","nonmatch","nonmatch"
"TM271","nonmatch","nonmatch","nonmatch"
"TM272","match","match","match"
"TM273","match","match","match"
"TM274","nonmatch","nonmatch","nonmatch"
"TM275","nonmatch","nonmatch","nonmatch"
"TM276","match","match","match"
"TM277","match","match","match"
"TM278","nonmatch","nonmatch","nonmatch"
"TM279","nonmatch","nonmatch","nonmatch"
"TM280","match","match","match"
"TM281","nonmatch","nonmatch","nonmatch"
"TM282","nonmatch","nonmatch","nonmatch"
"TM283","nonmatch","nonmatch","nonmatch"
"TM284","nonmatch","nonmatch","nonmatch"
"TM285","match","match","match"
"TM286","nonmatch","nonmatch","nonmatch"
"TM287","nonmatch","nonmatch","nonmatch"
"TM288","nonmatch","nonmatch","nonmatch"
"TM289","nonmatch","nonmatch","nonmatch"
"TM290","match","match","match"
"TM291","nonmatch","nonmatch","nonmatch"
"TM292","match","match","match"
"TM293","nonmatch","nonmatch","nonmatch"
"TM294","match","match","match"
"TM295","match","match","match"
"TM296","match","match","match"
"TM297","nonmatch","nonmatch","nonmatch"
"TM298","match","match","match"
"TM299","match","match","match"
"TM300","nonmatch","nonmatch","nonmatch"
"TM301","match","match","match"
"TM302","match","match","match"
"TM303","nonmatch","nonmatch","nonmatch"
"TM304","nonmatch","nonmatch","nonmatch"
"TM305","nonmatch","nonmatch","nonmatch"
"TM306","match","match","match"
"TM307","nonmatch","nonmatch","nonmatch"
"TM308","match","match","match"
"TM309","match","match","match"
"TM310","nonmatch","nonmatch","nonmatch"
"TM311","match","match","match"
"TM312","match","match","match"
"TM313","nonmatch","nonmatch","nonmatch"
"TM314","match","match","match"
"TM315","nonmatch","nonmatch","nonmatch"
"TM316","match","match","match"
"TM317","nonmatch","nonmatch","nonmatch"
"TM318","nonmatch","nonmatch","nonmatch"
"TM319","nonmatch","nonmatch","nonmatch"
"TM320","nonmatch","nonmatch","nonmatch"
