config,qid,citation_precision,bibliography_match_rate,orphan_rate,total_citations,bibliography_entries,candidate_pool_size,path
M1,Q01,0.625,0.625,0.375,8,8,8,data\expanded_outputs\method1\Q01_method1_exp_20260412_223724.md
M1,Q02,0.625,0.625,0.375,8,8,8,data\expanded_outputs\method1\Q02_method1_exp_20260412_223955.md
M1,Q03,0.75,0.75,0.25,8,8,8,data\expanded_outputs\method1\Q03_method1_exp_20260412_224201.md
M1,Q04,0.375,0.375,0.625,8,8,8,data\expanded_outputs\method1\Q04_method1_exp_20260412_224354.md
M1,Q05,0.75,0.75,0.25,8,8,8,data\expanded_outputs\method1\Q05_method1_exp_20260412_224544.md
M1,Q61,0.625,0.625,0.375,8,8,8,data\expanded_outputs\method1\Q061_method1_exp_20260413_001846.md
M1,Q62,0.625,0.625,0.375,8,8,8,data\expanded_outputs\method1\Q062_method1_exp_20260413_002011.md
M1,Q63,0.625,0.625,0.375,8,8,8,data\expanded_outputs\method1\Q063_method1_exp_20260413_002139.md
M1,Q64,0.625,0.625,0.375,8,8,8,data\expanded_outputs\method1\Q064_method1_exp_20260413_002324.md
M1,Q65,0.625,0.625,0.375,8,8,8,data\expanded_outputs\method1\Q065_method1_exp_20260413_002516.md
M1,Q66,0.75,0.75,0.25,8,8,8,data\expanded_outputs\method1\Q066_method1_exp_20260413_002652.md
M1,Q67,1.0,1.0,0.0,8,8,8,data\expanded_outputs\method1\Q067_method1_exp_20260413_002814.md
M1,Q68,0.75,0.75,0.25,8,8,8,data\expanded_outputs\method1\Q068_method1_exp_20260413_002945.md
M1,Q69,1.0,1.0,0.0,8,8,8,data\expanded_outputs\method1\Q069_method1_exp_20260413_003112.md
M1,Q06,0.875,0.875,0.125,8,8,8,data\expanded_outputs\method1\Q06_method1_exp_20260412_224736.md
M1,Q70,0.5,0.5,0.5,8,8,8,data\expanded_outputs\method1\Q070_method1_exp_20260413_003249.md
M1,Q71,0.625,0.625,0.375,8,8,8,data\expanded_outputs\method1\Q071_method1_exp_20260413_003445.md
M1,Q72,0.875,0.875,0.125,8,8,8,data\expanded_outputs\method1\Q072_method1_exp_20260413_003623.md
M1,Q73,0.875,0.875,0.125,8,8,8,data\expanded_outputs\method1\Q073_method1_exp_20260413_003749.md
M1,Q74,1.0,1.0,0.0,8,8,8,data\expanded_outputs\method1\Q074_method1_exp_20260413_003913.md
M1,Q75,1.0,1.0,0.0,8,8,8,data\expanded_outputs\method1\Q075_method1_exp_20260413_004040.md
M1,Q76,1.0,1.0,0.0,8,8,8,data\expanded_outputs\method1\Q076_method1_exp_20260413_004223.md
M1,Q77,1.0,1.0,0.0,8,8,8,data\expanded_outputs\method1\Q077_method1_exp_20260413_004346.md
M1,Q78,0.625,0.625,0.375,8,8,8,data\expanded_outputs\method1\Q078_method1_exp_20260413_004509.md
M1,Q79,0.875,0.875,0.125,8,8,8,data\expanded_outputs\method1\Q079_method1_exp_20260413_004639.md
M1,Q07,0.625,0.625,0.375,8,8,8,data\expanded_outputs\method1\Q07_method1_exp_20260412_224859.md
M1,Q80,0.625,0.625,0.375,8,8,8,data\expanded_outputs\method1\Q080_method1_exp_20260413_004810.md
M1,Q81,0.625,0.625,0.375,8,8,8,data\expanded_outputs\method1\Q081_method1_exp_20260413_004935.md
M1,Q82,0.5,0.5,0.5,8,8,8,data\expanded_outputs\method1\Q082_method1_exp_20260413_005113.md
M1,Q83,0.75,0.75,0.25,8,8,8,data\expanded_outputs\method1\Q083_method1_exp_20260413_005233.md
M1,Q84,0.625,0.625,0.375,8,8,8,data\expanded_outputs\method1\Q084_method1_exp_20260413_005400.md
M1,Q85,0.625,0.625,0.375,8,8,8,data\expanded_outputs\method1\Q085_method1_exp_20260413_005523.md
M1,Q86,1.0,1.0,0.0,8,8,8,data\expanded_outputs\method1\Q086_method1_exp_20260413_005648.md
M1,Q87,0.75,0.75,0.25,8,8,8,data\expanded_outputs\method1\Q087_method1_exp_20260413_005817.md
M1,Q88,0.625,0.625,0.375,8,8,8,data\expanded_outputs\method1\Q088_method1_exp_20260413_010008.md
M1,Q89,0.75,0.75,0.25,8,8,8,data\expanded_outputs\method1\Q089_method1_exp_20260413_075144.md
M1,Q08,0.5,0.5,0.5,8,8,8,data\expanded_outputs\method1\Q08_method1_exp_20260412_225034.md
M1,Q90,0.25,0.25,0.75,8,8,8,data\expanded_outputs\method1\Q090_method1_exp_20260413_075252.md
M1,Q91,0.625,0.625,0.375,8,8,8,data\expanded_outputs\method1\Q091_method1_exp_20260413_075447.md
M1,Q92,0.625,0.625,0.375,8,8,8,data\expanded_outputs\method1\Q092_method1_exp_20260413_075557.md
M1,Q93,0.625,0.625,0.375,8,8,8,data\expanded_outputs\method1\Q093_method1_exp_20260413_075722.md
M1,Q94,0.625,0.625,0.375,8,8,8,data\expanded_outputs\method1\Q094_method1_exp_20260413_075834.md
M1,Q95,0.75,0.75,0.25,8,8,8,data\expanded_outputs\method1\Q095_method1_exp_20260413_075949.md
M1,Q96,1.0,1.0,0.0,8,8,8,data\expanded_outputs\method1\Q096_method1_exp_20260413_080109.md
M1,Q97,0.5,0.5,0.5,8,8,8,data\expanded_outputs\method1\Q097_method1_exp_20260413_080235.md
M1,Q98,0.75,0.75,0.25,8,8,8,data\expanded_outputs\method1\Q098_method1_exp_20260413_080359.md
M1,Q99,0.375,0.375,0.625,8,8,8,data\expanded_outputs\method1\Q099_method1_exp_20260413_080527.md
M1,Q09,0.625,0.625,0.375,8,8,8,data\expanded_outputs\method1\Q09_method1_exp_20260412_225212.md
M1,Q100,0.875,0.875,0.125,8,8,8,data\expanded_outputs\method1\Q100_method1_exp_20260413_080634.md
M1,Q101,0.625,0.625,0.375,8,8,8,data\expanded_outputs\method1\Q101_method1_exp_20260413_080820.md
M1,Q102,0.625,0.625,0.375,8,8,8,data\expanded_outputs\method1\Q102_method1_exp_20260413_080950.md
M1,Q103,0.625,0.625,0.375,8,8,8,data\expanded_outputs\method1\Q103_method1_exp_20260413_081120.md
M1,Q104,1.0,1.0,0.375,5,8,8,data\expanded_outputs\method1\Q104_method1_exp_20260413_081252.md
M1,Q105,0.75,0.75,0.25,8,8,8,data\expanded_outputs\method1\Q105_method1_exp_20260413_081430.md
M1,Q106,0.625,0.625,0.375,8,8,8,data\expanded_outputs\method1\Q106_method1_exp_20260413_081555.md
M1,Q107,0.625,0.625,0.375,8,8,8,data\expanded_outputs\method1\Q107_method1_exp_20260413_081715.md
M1,Q108,0.25,0.25,0.75,8,8,8,data\expanded_outputs\method1\Q108_method1_exp_20260413_081831.md
M1,Q109,0.0,0.0,1.0,8,0,8,data\expanded_outputs\method1\Q109_method1_exp_20260413_081954.md
M1,Q10,0.5,0.5,0.5,8,8,8,data\expanded_outputs\method1\Q10_method1_exp_20260412_225349.md
M1,Q110,0.375,0.375,0.625,8,8,8,data\expanded_outputs\method1\Q110_method1_exp_20260413_082110.md
M1,Q111,0.75,0.75,0.25,8,8,8,data\expanded_outputs\method1\Q111_method1_exp_20260413_082117.md
M1,Q112,0.75,0.75,0.25,8,8,8,data\expanded_outputs\method1\Q112_method1_exp_20260413_082230.md
M1,Q113,0.625,0.625,0.375,8,8,8,data\expanded_outputs\method1\Q113_method1_exp_20260413_082348.md
M1,Q114,0.625,0.625,0.375,8,8,8,data\expanded_outputs\method1\Q114_method1_exp_20260413_082459.md
M1,Q115,0.625,0.625,0.375,8,8,8,data\expanded_outputs\method1\Q115_method1_exp_20260413_082613.md
M1,Q116,0.375,0.375,0.625,8,8,8,data\expanded_outputs\method1\Q116_method1_exp_20260413_082729.md
M1,Q117,0.625,0.625,0.375,8,8,8,data\expanded_outputs\method1\Q117_method1_exp_20260413_082847.md
M1,Q118,0.875,0.875,0.125,8,8,8,data\expanded_outputs\method1\Q118_method1_exp_20260413_082948.md
M1,Q119,0.625,0.625,0.375,8,8,8,data\expanded_outputs\method1\Q119_method1_exp_20260413_083105.md
M1,Q11,0.75,0.75,0.25,8,8,8,data\expanded_outputs\method1\Q11_method1_exp_20260412_225521.md
M1,Q120,0.625,0.625,0.375,8,8,8,data\expanded_outputs\method1\Q120_method1_exp_20260413_083222.md
M1,Q121,0.5,0.5,0.5,8,8,8,data\expanded_outputs\method1\Q121_method1_exp_20260413_083337.md
M1,Q122,1.0,1.0,0.0,8,8,8,data\expanded_outputs\method1\Q122_method1_exp_20260413_083438.md
M1,Q123,0.75,0.75,0.25,8,8,8,data\expanded_outputs\method1\Q123_method1_exp_20260413_083549.md
M1,Q124,1.0,1.0,0.0,8,8,8,data\expanded_outputs\method1\Q124_method1_exp_20260413_083702.md
M1,Q125,0.875,0.875,0.125,8,8,8,data\expanded_outputs\method1\Q125_method1_exp_20260413_083803.md
M1,Q126,0.625,0.625,0.375,8,8,8,data\expanded_outputs\method1\Q126_method1_exp_20260413_083921.md
M1,Q127,0.5,0.5,0.5,8,8,8,data\expanded_outputs\method1\Q127_method1_exp_20260413_084032.md
M1,Q128,0.25,0.25,0.75,8,8,8,data\expanded_outputs\method1\Q128_method1_exp_20260413_084149.md
M1,Q129,0.5,0.5,0.5,8,8,8,data\expanded_outputs\method1\Q129_method1_exp_20260413_084301.md
M1,Q12,1.0,1.0,0.25,6,8,8,data\expanded_outputs\method1\Q12_method1_exp_20260412_225701.md
M1,Q130,0.375,0.375,0.625,8,8,8,data\expanded_outputs\method1\Q130_method1_exp_20260413_084412.md
M1,Q131,0.75,0.75,0.25,8,8,8,data\expanded_outputs\method1\Q131_method1_exp_20260413_084526.md
M1,Q132,0.75,0.75,0.25,8,8,8,data\expanded_outputs\method1\Q132_method1_exp_20260413_084643.md
M1,Q133,0.875,0.875,0.125,8,8,8,data\expanded_outputs\method1\Q133_method1_exp_20260413_084756.md
M1,Q134,0.75,0.75,0.25,8,8,8,data\expanded_outputs\method1\Q134_method1_exp_20260413_084935.md
M1,Q135,0.375,0.375,0.625,8,8,8,data\expanded_outputs\method1\Q135_method1_exp_20260413_085110.md
M1,Q136,0.375,0.375,0.625,8,8,8,data\expanded_outputs\method1\Q136_method1_exp_20260413_085223.md
M1,Q137,0.625,0.625,0.375,8,8,8,data\expanded_outputs\method1\Q137_method1_exp_20260413_085339.md
M1,Q138,0.625,0.625,0.375,8,8,8,data\expanded_outputs\method1\Q138_method1_exp_20260413_085500.md
M1,Q139,0.625,0.625,0.375,8,8,8,data\expanded_outputs\method1\Q139_method1_exp_20260413_085615.md
M1,Q13,0.75,0.75,0.25,8,8,8,data\expanded_outputs\method1\Q13_method1_exp_20260412_225829.md
M1,Q140,0.5,0.5,0.5,8,8,8,data\expanded_outputs\method1\Q140_method1_exp_20260413_085725.md
M1,Q141,0.5,0.5,0.5,8,8,8,data\expanded_outputs\method1\Q141_method1_exp_20260413_085847.md
M1,Q142,0.375,0.375,0.625,8,8,8,data\expanded_outputs\method1\Q142_method1_exp_20260413_090000.md
M1,Q143,0.375,0.375,0.625,8,8,8,data\expanded_outputs\method1\Q143_method1_exp_20260413_090209.md
M1,Q144,0.625,0.625,0.375,8,8,8,data\expanded_outputs\method1\Q144_method1_exp_20260413_090338.md
M1,Q145,0.625,0.625,0.375,8,8,8,data\expanded_outputs\method1\Q145_method1_exp_20260413_090502.md
M1,Q146,0.5,0.5,0.5,8,8,8,data\expanded_outputs\method1\Q146_method1_exp_20260413_090623.md
M1,Q147,0.625,0.625,0.375,8,8,8,data\expanded_outputs\method1\Q147_method1_exp_20260413_090752.md
M1,Q148,0.5,0.5,0.5,8,8,8,data\expanded_outputs\method1\Q148_method1_exp_20260413_090919.md
M1,Q149,1.0,1.0,0.0,8,8,8,data\expanded_outputs\method1\Q149_method1_exp_20260413_091036.md
M1,Q14,0.625,0.625,0.375,8,8,8,data\expanded_outputs\method1\Q14_method1_exp_20260412_225952.md
M1,Q150,0.5,0.5,0.5,8,8,8,data\expanded_outputs\method1\Q150_method1_exp_20260413_091151.md
M1,Q151,0.5,0.5,0.5,8,8,8,data\expanded_outputs\method1\Q151_method1_exp_20260413_091309.md
M1,Q152,0.75,0.75,0.25,8,8,8,data\expanded_outputs\method1\Q152_method1_exp_20260413_091430.md
M1,Q153,0.625,0.625,0.375,8,8,8,data\expanded_outputs\method1\Q153_method1_exp_20260413_091609.md
M1,Q154,0.5,0.5,0.5,8,8,8,data\expanded_outputs\method1\Q154_method1_exp_20260413_091747.md
M1,Q155,0.5,0.5,0.5,8,8,8,data\expanded_outputs\method1\Q155_method1_exp_20260413_091926.md
M1,Q156,0.625,0.625,0.375,8,8,8,data\expanded_outputs\method1\Q156_method1_exp_20260413_092058.md
M1,Q157,0.75,0.75,0.25,8,8,8,data\expanded_outputs\method1\Q157_method1_exp_20260413_092244.md
M1,Q158,0.625,0.625,0.375,8,8,8,data\expanded_outputs\method1\Q158_method1_exp_20260413_092410.md
M1,Q159,0.5,0.5,0.5,8,8,8,data\expanded_outputs\method1\Q159_method1_exp_20260413_092538.md
M1,Q15,0.625,0.625,0.375,8,8,8,data\expanded_outputs\method1\Q15_method1_exp_20260412_230126.md
M1,Q160,0.5,0.5,0.5,8,8,8,data\expanded_outputs\method1\Q160_method1_exp_20260413_092715.md
M1,Q161,0.5,0.5,0.5,8,8,8,data\expanded_outputs\method1\Q161_method1_exp_20260413_092837.md
M1,Q162,0.75,0.75,0.25,8,8,8,data\expanded_outputs\method1\Q162_method1_exp_20260413_092954.md
M1,Q163,0.5,0.5,0.5,8,8,8,data\expanded_outputs\method1\Q163_method1_exp_20260413_093120.md
M1,Q164,0.5,0.5,0.5,8,8,8,data\expanded_outputs\method1\Q164_method1_exp_20260413_093249.md
M1,Q165,0.375,0.375,0.625,8,8,8,data\expanded_outputs\method1\Q165_method1_exp_20260413_093414.md
M1,Q166,0.75,0.75,0.25,8,8,8,data\expanded_outputs\method1\Q166_method1_exp_20260413_093534.md
M1,Q167,0.625,0.625,0.375,8,8,8,data\expanded_outputs\method1\Q167_method1_exp_20260413_093658.md
M1,Q168,0.625,0.625,0.375,8,8,8,data\expanded_outputs\method1\Q168_method1_exp_20260413_093819.md
M1,Q169,0.625,0.625,0.375,8,8,8,data\expanded_outputs\method1\Q169_method1_exp_20260413_093949.md
M1,Q16,0.75,0.75,0.25,8,8,8,data\expanded_outputs\method1\Q16_method1_exp_20260412_230306.md
M1,Q170,0.5,0.5,0.5,8,8,8,data\expanded_outputs\method1\Q170_method1_exp_20260413_094610.md
M1,Q171,0.75,0.75,0.25,8,8,8,data\expanded_outputs\method1\Q171_method1_exp_20260413_094755.md
M1,Q172,0.625,0.625,0.375,8,8,8,data\expanded_outputs\method1\Q172_method1_exp_20260413_095029.md
M1,Q173,0.625,0.625,0.375,8,8,8,data\expanded_outputs\method1\Q173_method1_exp_20260413_095207.md
M1,Q174,0.5,0.5,0.5,8,8,8,data\expanded_outputs\method1\Q174_method1_exp_20260413_095334.md
M1,Q175,0.5,0.5,0.5,8,8,8,data\expanded_outputs\method1\Q175_method1_exp_20260413_095459.md
M1,Q176,0.625,0.625,0.375,8,8,8,data\expanded_outputs\method1\Q176_method1_exp_20260413_095626.md
M1,Q177,0.5,0.5,0.5,8,8,8,data\expanded_outputs\method1\Q177_method1_exp_20260413_095746.md
M1,Q178,0.625,0.625,0.375,8,8,8,data\expanded_outputs\method1\Q178_method1_exp_20260413_095914.md
M1,Q179,0.625,0.625,0.375,8,8,8,data\expanded_outputs\method1\Q179_method1_exp_20260413_100107.md
M1,Q17,0.75,0.75,0.25,8,8,8,data\expanded_outputs\method1\Q17_method1_exp_20260412_230443.md
M1,Q180,0.5,0.5,0.5,8,8,8,data\expanded_outputs\method1\Q180_method1_exp_20260413_100243.md
M1,Q181,0.625,0.625,0.375,8,8,8,data\expanded_outputs\method1\Q181_method1_exp_20260413_100401.md
M1,Q182,0.625,0.625,0.375,8,8,8,data\expanded_outputs\method1\Q182_method1_exp_20260413_100532.md
M1,Q183,0.75,0.75,0.25,8,8,8,data\expanded_outputs\method1\Q183_method1_exp_20260413_100719.md
M1,Q184,0.5,0.5,0.5,8,8,8,data\expanded_outputs\method1\Q184_method1_exp_20260413_100918.md
M1,Q185,0.625,0.625,0.375,8,8,8,data\expanded_outputs\method1\Q185_method1_exp_20260413_101101.md
M1,Q186,0.5,0.5,0.5,8,8,8,data\expanded_outputs\method1\Q186_method1_exp_20260413_101258.md
M1,Q187,0.5,0.5,0.5,8,8,8,data\expanded_outputs\method1\Q187_method1_exp_20260413_101439.md
M1,Q188,0.625,0.625,0.375,8,8,8,data\expanded_outputs\method1\Q188_method1_exp_20260413_101604.md
M1,Q189,0.625,0.625,0.375,8,8,8,data\expanded_outputs\method1\Q189_method1_exp_20260413_101739.md
M1,Q18,0.75,0.75,0.25,8,8,8,data\expanded_outputs\method1\Q18_method1_exp_20260412_230634.md
M1,Q190,0.5,0.5,0.5,8,8,8,data\expanded_outputs\method1\Q190_method1_exp_20260413_101910.md
M1,Q191,0.375,0.375,0.625,8,8,8,data\expanded_outputs\method1\Q191_method1_exp_20260413_102044.md
M1,Q192,0.5,0.5,0.5,8,8,8,data\expanded_outputs\method1\Q192_method1_exp_20260413_102222.md
M1,Q193,0.75,0.75,0.25,8,8,8,data\expanded_outputs\method1\Q193_method1_exp_20260413_102350.md
M1,Q194,0.625,0.625,0.375,8,8,8,data\expanded_outputs\method1\Q194_method1_exp_20260413_102522.md
M1,Q195,0.5,0.5,0.5,8,8,8,data\expanded_outputs\method1\Q195_method1_exp_20260413_102701.md
M1,Q196,0.5,0.5,0.5,8,8,8,data\expanded_outputs\method1\Q196_method1_exp_20260413_102837.md
M1,Q197,0.5,0.5,0.5,8,8,8,data\expanded_outputs\method1\Q197_method1_exp_20260413_103020.md
M1,Q198,0.625,0.625,0.375,8,8,8,data\expanded_outputs\method1\Q198_method1_exp_20260413_103219.md
M1,Q199,0.625,0.625,0.375,8,8,8,data\expanded_outputs\method1\Q199_method1_exp_20260413_103415.md
M1,Q19,0.625,0.625,0.375,8,8,8,data\expanded_outputs\method1\Q19_method1_exp_20260412_230824.md
M1,Q200,0.5,0.5,0.5,8,8,8,data\expanded_outputs\method1\Q200_method1_exp_20260413_103616.md
M1,Q201,0.75,0.75,0.25,8,8,8,data\expanded_outputs\method1\Q201_method1_exp_20260413_103814.md
M1,Q202,0.5,0.5,0.5,8,8,8,data\expanded_outputs\method1\Q202_method1_exp_20260413_104011.md
M1,Q203,0.75,0.75,0.25,8,8,8,data\expanded_outputs\method1\Q203_method1_exp_20260413_104146.md
M1,Q204,0.5,0.5,0.5,8,8,8,data\expanded_outputs\method1\Q204_method1_exp_20260413_104341.md
M1,Q205,0.5,0.5,0.5,8,8,8,data\expanded_outputs\method1\Q205_method1_exp_20260413_104529.md
M1,Q206,0.625,0.625,0.375,8,8,8,data\expanded_outputs\method1\Q206_method1_exp_20260413_104815.md
M1,Q207,0.5,0.5,0.5,8,8,8,data\expanded_outputs\method1\Q207_method1_exp_20260413_104957.md
M1,Q208,0.625,0.625,0.375,8,8,8,data\expanded_outputs\method1\Q208_method1_exp_20260413_105134.md
M1,Q209,0.75,0.75,0.25,8,8,8,data\expanded_outputs\method1\Q209_method1_exp_20260413_105310.md
M1,Q20,0.625,0.625,0.375,8,8,8,data\expanded_outputs\method1\Q20_method1_exp_20260412_231020.md
M1,Q210,0.75,0.75,0.25,8,8,8,data\expanded_outputs\method1\Q210_method1_exp_20260413_105447.md
M1,Q211,0.625,0.625,0.375,8,8,8,data\expanded_outputs\method1\Q211_method1_exp_20260413_105632.md
M1,Q212,0.875,0.875,0.125,8,8,8,data\expanded_outputs\method1\Q212_method1_exp_20260413_105802.md
M1,Q213,0.75,0.75,0.25,8,8,8,data\expanded_outputs\method1\Q213_method1_exp_20260413_105930.md
M1,Q214,0.375,0.375,0.625,8,8,8,data\expanded_outputs\method1\Q214_method1_exp_20260413_110119.md
M1,Q215,0.5,0.5,0.5,8,8,8,data\expanded_outputs\method1\Q215_method1_exp_20260413_110311.md
M1,Q216,0.625,0.625,0.375,8,8,8,data\expanded_outputs\method1\Q216_method1_exp_20260413_110446.md
M1,Q217,0.375,0.375,0.625,8,8,8,data\expanded_outputs\method1\Q217_method1_exp_20260413_110624.md
M1,Q218,0.5,0.5,0.5,8,8,8,data\expanded_outputs\method1\Q218_method1_exp_20260413_110810.md
M1,Q219,0.25,0.25,0.75,8,8,8,data\expanded_outputs\method1\Q219_method1_exp_20260413_110948.md
M1,Q21,0.25,0.25,0.75,8,8,8,data\expanded_outputs\method1\Q21_method1_exp_20260412_231205.md
M1,Q220,0.625,0.625,0.375,8,8,8,data\expanded_outputs\method1\Q220_method1_exp_20260413_111136.md
M1,Q221,0.75,0.75,0.25,8,8,8,data\expanded_outputs\method1\Q221_method1_exp_20260413_111331.md
M1,Q222,0.375,0.375,0.625,8,8,8,data\expanded_outputs\method1\Q222_method1_exp_20260413_111529.md
M1,Q223,0.625,0.625,0.375,8,8,8,data\expanded_outputs\method1\Q223_method1_exp_20260413_111707.md
M1,Q224,0.375,0.375,0.625,8,8,8,data\expanded_outputs\method1\Q224_method1_exp_20260413_111857.md
M1,Q225,0.5,0.5,0.5,8,8,8,data\expanded_outputs\method1\Q225_method1_exp_20260413_112042.md
M1,Q226,0.5,0.5,0.5,8,8,8,data\expanded_outputs\method1\Q226_method1_exp_20260413_112225.md
M1,Q227,0.375,0.375,0.625,8,8,8,data\expanded_outputs\method1\Q227_method1_exp_20260413_112407.md
M1,Q228,0.625,0.625,0.375,8,8,8,data\expanded_outputs\method1\Q228_method1_exp_20260413_112550.md
M1,Q229,0.5,0.5,0.5,8,8,8,data\expanded_outputs\method1\Q229_method1_exp_20260413_112724.md
M1,Q22,0.875,0.875,0.125,8,8,8,data\expanded_outputs\method1\Q22_method1_exp_20260412_231356.md
M1,Q230,0.375,0.375,0.625,8,8,8,data\expanded_outputs\method1\Q230_method1_exp_20260413_112916.md
M1,Q231,0.625,0.625,0.375,8,8,8,data\expanded_outputs\method1\Q231_method1_exp_20260413_113057.md
M1,Q232,0.625,0.625,0.375,8,8,8,data\expanded_outputs\method1\Q232_method1_exp_20260413_113241.md
M1,Q233,0.5,0.5,0.5,8,8,8,data\expanded_outputs\method1\Q233_method1_exp_20260413_113421.md
M1,Q234,0.625,0.625,0.375,8,8,8,data\expanded_outputs\method1\Q234_method1_exp_20260413_113606.md
M1,Q235,0.625,0.625,0.375,8,8,8,data\expanded_outputs\method1\Q235_method1_exp_20260413_113750.md
M1,Q236,0.625,0.625,0.375,8,8,8,data\expanded_outputs\method1\Q236_method1_exp_20260413_113948.md
M1,Q237,0.5,0.5,0.5,8,8,8,data\expanded_outputs\method1\Q237_method1_exp_20260413_123248.md
M1,Q238,1.0,1.0,0.375,5,8,8,data\expanded_outputs\method1\Q238_method1_exp_20260413_115415.md
M1,Q239,0.5,0.5,0.5,8,8,8,data\expanded_outputs\method1\Q239_method1_exp_20260413_115544.md
M1,Q23,0.375,0.375,0.625,8,8,8,data\expanded_outputs\method1\Q23_method1_exp_20260412_231520.md
M1,Q240,0.625,0.625,0.375,8,8,8,data\expanded_outputs\method1\Q240_method1_exp_20260413_115723.md
M1,Q241,0.5,0.5,0.5,8,8,8,data\expanded_outputs\method1\Q241_method1_exp_20260413_115908.md
M1,Q242,0.5,0.5,0.5,8,8,8,data\expanded_outputs\method1\Q242_method1_exp_20260413_120107.md
M1,Q243,0.625,0.625,0.375,8,8,8,data\expanded_outputs\method1\Q243_method1_exp_20260413_120246.md
M1,Q244,0.5,0.5,0.5,8,8,8,data\expanded_outputs\method1\Q244_method1_exp_20260413_120426.md
M1,Q245,0.375,0.375,0.625,8,8,8,data\expanded_outputs\method1\Q245_method1_exp_20260413_120612.md
M1,Q246,0.75,0.75,0.25,8,8,8,data\expanded_outputs\method1\Q246_method1_exp_20260413_120800.md
M1,Q247,0.5,0.5,0.5,8,8,8,data\expanded_outputs\method1\Q247_method1_exp_20260413_120952.md
M1,Q248,0.75,0.75,0.25,8,8,8,data\expanded_outputs\method1\Q248_method1_exp_20260413_121138.md
M1,Q249,0.5,0.5,0.5,8,8,8,data\expanded_outputs\method1\Q249_method1_exp_20260413_121342.md
M1,Q24,0.5,0.5,0.5,8,8,8,data\expanded_outputs\method1\Q24_method1_exp_20260412_231654.md
M1,Q250,0.625,0.625,0.375,8,8,8,data\expanded_outputs\method1\Q250_method1_exp_20260413_121543.md
M1,Q251,0.5,0.5,0.5,8,8,8,data\expanded_outputs\method1\Q251_method1_exp_20260413_121731.md
M1,Q25,0.625,0.625,0.375,8,8,8,data\expanded_outputs\method1\Q25_method1_exp_20260412_231839.md
M1,Q26,1.0,1.0,0.0,8,8,8,data\expanded_outputs\method1\Q26_method1_exp_20260412_232010.md
M1,Q27,0.375,0.375,0.625,8,8,8,data\expanded_outputs\method1\Q27_method1_exp_20260412_232206.md
M1,Q28,0.5,0.5,0.5,8,8,8,data\expanded_outputs\method1\Q28_method1_exp_20260412_232349.md
M1,Q29,0.625,0.625,0.375,8,8,8,data\expanded_outputs\method1\Q29_method1_exp_20260412_232525.md
M1,Q30,0.5,0.5,0.5,8,8,8,data\expanded_outputs\method1\Q30_method1_exp_20260412_232725.md
M1,Q31,0.625,0.625,0.375,8,8,8,data\expanded_outputs\method1\Q31_method1_exp_20260412_232907.md
M1,Q32,0.0,0.0,1.0,8,0,8,data\expanded_outputs\method1\Q32_method1_exp_20260412_233038.md
M1,Q33,0.8571428571428571,0.875,0.25,7,8,8,data\expanded_outputs\method1\Q33_method1_exp_20260412_233209.md
M1,Q34,0.625,0.625,0.375,8,8,8,data\expanded_outputs\method1\Q34_method1_exp_20260412_233347.md
M1,Q35,0.625,0.625,0.375,8,8,8,data\expanded_outputs\method1\Q35_method1_exp_20260412_233531.md
M1,Q36,0.625,0.625,0.375,8,8,8,data\expanded_outputs\method1\Q36_method1_exp_20260412_233706.md
M1,Q37,1.0,1.0,0.0,8,8,8,data\expanded_outputs\method1\Q37_method1_exp_20260412_233858.md
M1,Q38,1.0,1.0,0.0,8,8,8,data\expanded_outputs\method1\Q38_method1_exp_20260412_234058.md
M1,Q39,0.625,0.625,0.375,8,8,8,data\expanded_outputs\method1\Q39_method1_exp_20260412_234302.md
M1,Q40,0.625,0.625,0.375,8,8,8,data\expanded_outputs\method1\Q40_method1_exp_20260412_234454.md
M1,Q41,1.0,1.0,0.0,8,8,8,data\expanded_outputs\method1\Q41_method1_exp_20260412_234636.md
M1,Q42,0.625,0.625,0.375,8,8,8,data\expanded_outputs\method1\Q42_method1_exp_20260412_234829.md
M1,Q43,0.75,0.75,0.25,8,8,8,data\expanded_outputs\method1\Q43_method1_exp_20260412_235018.md
M1,Q44,0.75,0.75,0.25,8,8,8,data\expanded_outputs\method1\Q44_method1_exp_20260412_235207.md
M1,Q45,0.625,0.625,0.375,8,8,8,data\expanded_outputs\method1\Q45_method1_exp_20260412_235205.md
M1,Q46,0.0,0.0,1.0,8,0,8,data\expanded_outputs\method1\Q46_method1_exp_20260412_235347.md
M1,Q47,0.625,0.625,0.375,8,8,8,data\expanded_outputs\method1\Q47_method1_exp_20260412_235532.md
M1,Q48,0.5,0.5,0.5,8,8,8,data\expanded_outputs\method1\Q48_method1_exp_20260412_235710.md
M1,Q49,0.5,0.5,0.5,8,8,8,data\expanded_outputs\method1\Q49_method1_exp_20260412_235849.md
M1,Q50,0.75,0.75,0.25,8,8,8,data\expanded_outputs\method1\Q50_method1_exp_20260413_000023.md
M1,Q51,0.625,0.625,0.375,8,8,8,data\expanded_outputs\method1\Q51_method1_exp_20260413_000159.md
M1,Q52,0.75,0.75,0.25,8,8,8,data\expanded_outputs\method1\Q52_method1_exp_20260413_000333.md
M1,Q53,0.75,0.75,0.25,8,8,8,data\expanded_outputs\method1\Q53_method1_exp_20260413_000502.md
M1,Q54,0.5,0.5,0.5,8,8,8,data\expanded_outputs\method1\Q54_method1_exp_20260413_000622.md
M1,Q55,0.375,0.375,0.625,8,8,8,data\expanded_outputs\method1\Q55_method1_exp_20260413_000801.md
M1,Q56,0.875,0.875,0.125,8,8,8,data\expanded_outputs\method1\Q56_method1_exp_20260413_000941.md
M1,Q57,0.625,0.625,0.375,8,8,8,data\expanded_outputs\method1\Q57_method1_exp_20260413_001151.md
M1,Q58,0.5,0.5,0.5,8,8,8,data\expanded_outputs\method1\Q58_method1_exp_20260413_001349.md
M1,Q59,0.625,0.625,0.375,8,8,8,data\expanded_outputs\method1\Q59_method1_exp_20260413_001511.md
M1,Q60,0.625,0.625,0.375,8,8,8,data\expanded_outputs\method1\Q60_method1_exp_20260413_001702.md
M2a,Q01,0.625,0.625,0.375,8,8,8,data\expanded_outputs\method2a\Q01_method2a_exp_20260412_224523.md
M2a,Q02,0.5,0.5,0.5,8,8,8,data\expanded_outputs\method2a\Q02_method2a_exp_20260412_224825.md
M2a,Q03,0.75,0.75,0.25,8,8,8,data\expanded_outputs\method2a\Q03_method2a_exp_20260412_225122.md
M2a,Q04,0.375,0.42857142857142855,0.625,8,7,8,data\expanded_outputs\method2a\Q04_method2a_exp_20260412_225402.md
M2a,Q05,0.75,0.75,0.25,8,8,8,data\expanded_outputs\method2a\Q05_method2a_exp_20260412_225644.md
M2a,Q61,0.625,0.625,0.375,8,8,8,data\expanded_outputs\method2a\Q061_method2a_exp_20260413_082512.md
M2a,Q62,0.625,0.625,0.375,8,8,8,data\expanded_outputs\method2a\Q062_method2a_exp_20260413_082720.md
M2a,Q63,0.75,0.75,0.25,8,8,8,data\expanded_outputs\method2a\Q063_method2a_exp_20260413_082933.md
M2a,Q64,0.625,0.625,0.375,8,8,8,data\expanded_outputs\method2a\Q064_method2a_exp_20260413_083202.md
M2a,Q65,0.625,0.625,0.375,8,8,8,data\expanded_outputs\method2a\Q065_method2a_exp_20260413_083438.md
M2a,Q66,0.75,0.75,0.25,8,8,8,data\expanded_outputs\method2a\Q066_method2a_exp_20260413_083702.md
M2a,Q67,1.0,1.0,0.0,8,8,8,data\expanded_outputs\method2a\Q067_method2a_exp_20260413_083903.md
M2a,Q68,0.75,0.75,0.25,8,8,8,data\expanded_outputs\method2a\Q068_method2a_exp_20260413_084110.md
M2a,Q69,1.0,1.0,0.0,8,8,8,data\expanded_outputs\method2a\Q069_method2a_exp_20260413_084312.md
M2a,Q06,0.875,0.875,0.125,8,8,8,data\expanded_outputs\method2a\Q06_method2a_exp_20260412_225938.md
M2a,Q70,0.625,0.625,0.375,8,8,8,data\expanded_outputs\method2a\Q070_method2a_exp_20260413_084455.md
M2a,Q71,0.625,0.625,0.375,8,8,8,data\expanded_outputs\method2a\Q071_method2a_exp_20260413_084712.md
M2a,Q72,0.75,0.75,0.25,8,8,8,data\expanded_outputs\method2a\Q072_method2a_exp_20260413_084953.md
M2a,Q73,0.875,0.875,0.125,8,8,8,data\expanded_outputs\method2a\Q073_method2a_exp_20260413_085205.md
M2a,Q74,1.0,1.0,0.0,8,8,8,data\expanded_outputs\method2a\Q074_method2a_exp_20260413_085409.md
M2a,Q75,1.0,1.0,0.0,8,8,8,data\expanded_outputs\method2a\Q075_method2a_exp_20260413_085615.md
M2a,Q76,1.0,1.0,0.0,8,8,8,data\expanded_outputs\method2a\Q076_method2a_exp_20260413_085839.md
M2a,Q77,1.0,1.0,0.0,8,8,8,data\expanded_outputs\method2a\Q077_method2a_exp_20260413_090101.md
M2a,Q78,0.75,0.75,0.25,8,8,8,data\expanded_outputs\method2a\Q078_method2a_exp_20260413_090340.md
M2a,Q79,0.875,0.875,0.125,8,8,8,data\expanded_outputs\method2a\Q079_method2a_exp_20260413_090609.md
M2a,Q07,0.6,0.625,0.625,5,8,8,data\expanded_outputs\method2a\Q07_method2a_exp_20260412_230219.md
M2a,Q80,0.625,0.625,0.375,8,8,8,data\expanded_outputs\method2a\Q080_method2a_exp_20260413_090831.md
M2a,Q81,0.625,0.625,0.375,8,8,8,data\expanded_outputs\method2a\Q081_method2a_exp_20260413_091049.md
M2a,Q82,0.5,0.5,0.5,8,8,8,data\expanded_outputs\method2a\Q082_method2a_exp_20260413_091320.md
M2a,Q83,0.75,0.75,0.25,8,8,8,data\expanded_outputs\method2a\Q083_method2a_exp_20260413_091551.md
M2a,Q84,0.625,0.625,0.375,8,8,8,data\expanded_outputs\method2a\Q084_method2a_exp_20260413_091825.md
M2a,Q85,0.625,0.625,0.375,8,8,8,data\expanded_outputs\method2a\Q085_method2a_exp_20260413_092102.md
M2a,Q86,1.0,1.0,0.0,8,8,8,data\expanded_outputs\method2a\Q086_method2a_exp_20260413_092331.md
M2a,Q87,1.0,1.0,0.0,8,8,8,data\expanded_outputs\method2a\Q087_method2a_exp_20260413_092603.md
M2a,Q88,0.75,0.75,0.25,8,8,8,data\expanded_outputs\method2a\Q088_method2a_exp_20260413_092819.md
M2a,Q89,0.75,0.75,0.25,8,8,8,data\expanded_outputs\method2a\Q089_method2a_exp_20260413_093041.md
M2a,Q08,0.5,0.5,0.5,8,8,8,data\expanded_outputs\method2a\Q08_method2a_exp_20260412_230522.md
M2a,Q90,0.25,0.25,0.75,8,8,8,data\expanded_outputs\method2a\Q090_method2a_exp_20260413_093318.md
M2a,Q91,0.375,0.375,0.625,8,8,8,data\expanded_outputs\method2a\Q091_method2a_exp_20260413_093525.md
M2a,Q92,0.625,0.625,0.375,8,8,8,data\expanded_outputs\method2a\Q092_method2a_exp_20260413_093744.md
M2a,Q93,0.625,0.625,0.375,8,8,8,data\expanded_outputs\method2a\Q093_method2a_exp_20260413_094100.md
M2a,Q94,0.75,0.75,0.25,8,8,8,data\expanded_outputs\method2a\Q094_method2a_exp_20260413_094349.md
M2a,Q95,0.625,0.625,0.375,8,8,8,data\expanded_outputs\method2a\Q095_method2a_exp_20260413_094642.md
M2a,Q96,0.875,0.875,0.125,8,8,8,data\expanded_outputs\method2a\Q096_method2a_exp_20260413_121456.md
M2a,Q97,0.5,0.5,0.5,8,8,8,data\expanded_outputs\method2a\Q097_method2a_exp_20260413_095300.md
M2a,Q98,0.75,0.75,0.25,8,8,8,data\expanded_outputs\method2a\Q098_method2a_exp_20260413_095557.md
M2a,Q99,0.375,0.375,0.625,8,8,8,data\expanded_outputs\method2a\Q099_method2a_exp_20260413_095845.md
M2a,Q09,0.625,0.625,0.375,8,8,8,data\expanded_outputs\method2a\Q09_method2a_exp_20260412_230907.md
M2a,Q100,0.875,0.875,0.125,8,8,8,data\expanded_outputs\method2a\Q100_method2a_exp_20260413_100119.md
M2a,Q101,1.0,1.0,0.0,8,8,8,data\expanded_outputs\method2a\Q101_method2a_exp_20260413_100409.md
M2a,Q102,0.75,0.75,0.25,8,8,8,data\expanded_outputs\method2a\Q102_method2a_exp_20260413_100718.md
M2a,Q103,0.625,0.625,0.375,8,8,8,data\expanded_outputs\method2a\Q103_method2a_exp_20260413_101028.md
M2a,Q104,1.0,1.0,0.0,8,8,8,data\expanded_outputs\method2a\Q104_method2a_exp_20260413_101306.md
M2a,Q105,0.75,0.75,0.25,8,8,8,data\expanded_outputs\method2a\Q105_method2a_exp_20260413_101559.md
M2a,Q106,0.625,0.625,0.375,8,8,8,data\expanded_outputs\method2a\Q106_method2a_exp_20260413_101841.md
M2a,Q107,0.625,0.625,0.375,8,8,8,data\expanded_outputs\method2a\Q107_method2a_exp_20260413_102123.md
M2a,Q108,0.25,0.25,0.75,8,8,8,data\expanded_outputs\method2a\Q108_method2a_exp_20260413_102355.md
M2a,Q109,0.5,0.5,0.5,8,8,8,data\expanded_outputs\method2a\Q109_method2a_exp_20260413_102730.md
M2a,Q10,0.5,0.5,0.5,8,8,8,data\expanded_outputs\method2a\Q10_method2a_exp_20260412_231251.md
M2a,Q110,0.375,0.375,0.625,8,8,8,data\expanded_outputs\method2a\Q110_method2a_exp_20260413_103027.md
M2a,Q111,0.75,0.75,0.25,8,8,8,data\expanded_outputs\method2a\Q111_method2a_exp_20260413_103355.md
M2a,Q112,0.75,0.75,0.25,8,8,8,data\expanded_outputs\method2a\Q112_method2a_exp_20260413_103653.md
M2a,Q113,0.625,0.625,0.375,8,8,8,data\expanded_outputs\method2a\Q113_method2a_exp_20260413_104028.md
M2a,Q114,0.625,0.625,0.375,8,8,8,data\expanded_outputs\method2a\Q114_method2a_exp_20260413_104316.md
M2a,Q115,0.625,0.625,0.375,8,8,8,data\expanded_outputs\method2a\Q115_method2a_exp_20260413_104600.md
M2a,Q116,0.375,0.375,0.625,8,8,8,data\expanded_outputs\method2a\Q116_method2a_exp_20260413_104952.md
M2a,Q117,0.625,0.625,0.375,8,8,8,data\expanded_outputs\method2a\Q117_method2a_exp_20260413_105304.md
M2a,Q118,0.875,0.875,0.125,8,8,8,data\expanded_outputs\method2a\Q118_method2a_exp_20260413_105529.md
M2a,Q119,0.5,0.5,0.5,8,8,8,data\expanded_outputs\method2a\Q119_method2a_exp_20260413_105832.md
M2a,Q11,0.75,0.75,0.25,8,8,8,data\expanded_outputs\method2a\Q11_method2a_exp_20260412_231540.md
M2a,Q120,0.625,0.625,0.375,8,8,8,data\expanded_outputs\method2a\Q120_method2a_exp_20260413_110153.md
M2a,Q121,0.5,0.5,0.5,8,8,8,data\expanded_outputs\method2a\Q121_method2a_exp_20260413_110451.md
M2a,Q122,1.0,1.0,0.0,8,8,8,data\expanded_outputs\method2a\Q122_method2a_exp_20260413_110801.md
M2a,Q123,0.75,0.75,0.25,8,8,8,data\expanded_outputs\method2a\Q123_method2a_exp_20260413_111045.md
M2a,Q124,1.0,1.0,0.0,8,8,8,data\expanded_outputs\method2a\Q124_method2a_exp_20260413_111357.md
M2a,Q125,0.875,0.875,0.125,8,8,8,data\expanded_outputs\method2a\Q125_method2a_exp_20260413_111643.md
M2a,Q126,0.75,0.75,0.25,8,8,8,data\expanded_outputs\method2a\Q126_method2a_exp_20260413_111940.md
M2a,Q127,0.5,0.5,0.5,8,8,8,data\expanded_outputs\method2a\Q127_method2a_exp_20260413_112247.md
M2a,Q128,0.375,0.375,0.625,8,8,8,data\expanded_outputs\method2a\Q128_method2a_exp_20260413_112554.md
M2a,Q129,0.5,0.5,0.5,8,8,8,data\expanded_outputs\method2a\Q129_method2a_exp_20260413_112850.md
M2a,Q12,1.0,1.0,0.0,8,8,8,data\expanded_outputs\method2a\Q12_method2a_exp_20260412_231841.md
M2a,Q130,0.5,0.5,0.5,8,8,8,data\expanded_outputs\method2a\Q130_method2a_exp_20260413_113201.md
M2a,Q131,0.75,0.75,0.25,8,8,8,data\expanded_outputs\method2a\Q131_method2a_exp_20260413_113511.md
M2a,Q132,0.75,0.75,0.25,8,8,8,data\expanded_outputs\method2a\Q132_method2a_exp_20260413_113820.md
M2a,Q133,0.5,0.5,0.5,8,8,8,data\expanded_outputs\method2a\Q133_method2a_exp_20260413_114122.md
M2a,Q134,1.0,1.0,0.0,8,8,8,data\expanded_outputs\method2a\Q134_method2a_exp_20260413_115521.md
M2a,Q135,0.375,0.375,0.625,8,8,8,data\expanded_outputs\method2a\Q135_method2a_exp_20260413_115833.md
M2a,Q136,0.375,0.375,0.625,8,8,8,data\expanded_outputs\method2a\Q136_method2a_exp_20260413_120220.md
M2a,Q137,0.625,0.625,0.375,8,8,8,data\expanded_outputs\method2a\Q137_method2a_exp_20260413_120148.md
M2a,Q138,0.625,0.625,0.375,8,8,8,data\expanded_outputs\method2a\Q138_method2a_exp_20260413_120557.md
M2a,Q139,0.625,0.625,0.375,8,8,8,data\expanded_outputs\method2a\Q139_method2a_exp_20260413_120842.md
M2a,Q13,1.0,1.0,0.0,8,8,8,data\expanded_outputs\method2a\Q13_method2a_exp_20260412_232121.md
M2a,Q140,0.5,0.5,0.5,8,8,8,data\expanded_outputs\method2a\Q140_method2a_exp_20260413_121159.md
M2a,Q141,0.5,0.5,0.5,8,8,8,data\expanded_outputs\method2a\Q141_method2a_exp_20260413_121727.md
M2a,Q142,0.625,0.625,0.375,8,8,8,data\expanded_outputs\method2a\Q142_method2a_exp_20260413_122015.md
M2a,Q143,0.375,0.375,0.625,8,8,8,data\expanded_outputs\method2a\Q143_method2a_exp_20260413_122300.md
M2a,Q144,0.625,0.625,0.375,8,8,8,data\expanded_outputs\method2a\Q144_method2a_exp_20260413_122538.md
M2a,Q145,0.625,0.625,0.375,8,8,8,data\expanded_outputs\method2a\Q145_method2a_exp_20260413_122821.md
M2a,Q146,0.5,0.5,0.5,8,8,8,data\expanded_outputs\method2a\Q146_method2a_exp_20260413_123123.md
M2a,Q147,0.5,0.5,0.5,8,8,8,data\expanded_outputs\method2a\Q147_method2a_exp_20260413_123425.md
M2a,Q148,0.5,0.5,0.5,8,8,8,data\expanded_outputs\method2a\Q148_method2a_exp_20260413_123602.md
M2a,Q149,1.0,1.0,0.0,8,8,8,data\expanded_outputs\method2a\Q149_method2a_exp_20260413_125521.md
M2a,Q14,0.625,0.625,0.375,8,8,8,data\expanded_outputs\method2a\Q14_method2a_exp_20260412_232433.md
M2a,Q150,0.5,0.5,0.5,8,8,8,data\expanded_outputs\method2a\Q150_method2a_exp_20260413_125812.md
M2a,Q151,0.625,0.625,0.375,8,8,8,data\expanded_outputs\method2a\Q151_method2a_exp_20260413_130116.md
M2a,Q152,0.625,0.625,0.375,8,8,8,data\expanded_outputs\method2a\Q152_method2a_exp_20260413_130442.md
M2a,Q153,0.625,0.625,0.375,8,8,8,data\expanded_outputs\method2a\Q153_method2a_exp_20260413_130744.md
M2a,Q154,0.375,0.375,0.625,8,8,8,data\expanded_outputs\method2a\Q154_method2a_exp_20260413_131055.md
M2a,Q155,0.5,0.5,0.5,8,8,8,data\expanded_outputs\method2a\Q155_method2a_exp_20260413_131358.md
M2a,Q156,0.5,0.5,0.5,8,8,8,data\expanded_outputs\method2a\Q156_method2a_exp_20260413_131430.md
M2a,Q157,0.75,0.75,0.25,8,8,8,data\expanded_outputs\method2a\Q157_method2a_exp_20260413_131725.md
M2a,Q158,0.625,0.625,0.375,8,8,8,data\expanded_outputs\method2a\Q158_method2a_exp_20260413_132019.md
M2a,Q159,0.5,0.5,0.5,8,8,8,data\expanded_outputs\method2a\Q159_method2a_exp_20260413_132328.md
M2a,Q15,0.75,0.75,0.25,8,8,8,data\expanded_outputs\method2a\Q15_method2a_exp_20260412_232727.md
M2a,Q160,0.625,0.625,0.375,8,8,8,data\expanded_outputs\method2a\Q160_method2a_exp_20260413_132638.md
M2a,Q161,0.5,0.5,0.5,8,8,8,data\expanded_outputs\method2a\Q161_method2a_exp_20260413_132945.md
M2a,Q162,0.625,0.625,0.375,8,8,8,data\expanded_outputs\method2a\Q162_method2a_exp_20260413_133253.md
M2a,Q163,0.625,0.625,0.375,8,8,8,data\expanded_outputs\method2a\Q163_method2a_exp_20260413_133544.md
M2a,Q164,0.5,0.5,0.5,8,8,8,data\expanded_outputs\method2a\Q164_method2a_exp_20260413_133853.md
M2a,Q165,0.375,0.375,0.625,8,8,8,data\expanded_outputs\method2a\Q165_method2a_exp_20260413_134154.md
M2a,Q166,0.75,0.75,0.25,8,8,8,data\expanded_outputs\method2a\Q166_method2a_exp_20260413_134430.md
M2a,Q167,0.75,0.75,0.25,8,8,8,data\expanded_outputs\method2a\Q167_method2a_exp_20260413_134722.md
M2a,Q168,0.625,0.625,0.375,8,8,8,data\expanded_outputs\method2a\Q168_method2a_exp_20260413_135019.md
M2a,Q169,0.5,0.5,0.5,8,8,8,data\expanded_outputs\method2a\Q169_method2a_exp_20260413_135305.md
M2a,Q16,0.75,0.75,0.25,8,8,8,data\expanded_outputs\method2a\Q16_method2a_exp_20260412_233023.md
M2a,Q170,0.625,0.625,0.375,8,8,8,data\expanded_outputs\method2a\Q170_method2a_exp_20260413_135532.md
M2a,Q171,0.625,0.625,0.375,8,8,8,data\expanded_outputs\method2a\Q171_method2a_exp_20260413_135817.md
M2a,Q172,0.625,0.625,0.375,8,8,8,data\expanded_outputs\method2a\Q172_method2a_exp_20260413_140104.md
M2a,Q173,0.625,0.625,0.375,8,8,8,data\expanded_outputs\method2a\Q173_method2a_exp_20260413_140428.md
M2a,Q174,0.375,0.375,0.625,8,8,8,data\expanded_outputs\method2a\Q174_method2a_exp_20260413_140723.md
M2a,Q175,0.5,0.5,0.5,8,8,8,data\expanded_outputs\method2a\Q175_method2a_exp_20260413_141101.md
M2a,Q176,0.625,0.625,0.375,8,8,8,data\expanded_outputs\method2a\Q176_method2a_exp_20260413_141427.md
M2a,Q177,0.375,0.375,0.625,8,8,8,data\expanded_outputs\method2a\Q177_method2a_exp_20260413_141738.md
M2a,Q178,0.625,0.625,0.375,8,8,8,data\expanded_outputs\method2a\Q178_method2a_exp_20260413_142018.md
M2a,Q179,0.625,0.625,0.375,8,8,8,data\expanded_outputs\method2a\Q179_method2a_exp_20260413_142302.md
M2a,Q17,0.75,0.75,0.25,8,8,8,data\expanded_outputs\method2a\Q17_method2a_exp_20260412_233308.md
M2a,Q180,0.5,0.5,0.5,8,8,8,data\expanded_outputs\method2a\Q180_method2a_exp_20260413_142532.md
M2a,Q181,0.625,0.625,0.375,8,8,8,data\expanded_outputs\method2a\Q181_method2a_exp_20260413_142841.md
M2a,Q182,0.625,0.625,0.375,8,8,8,data\expanded_outputs\method2a\Q182_method2a_exp_20260413_143116.md
M2a,Q183,0.75,0.75,0.25,8,8,8,data\expanded_outputs\method2a\Q183_method2a_exp_20260413_143412.md
M2a,Q184,0.5,0.5,0.5,8,8,8,data\expanded_outputs\method2a\Q184_method2a_exp_20260413_143701.md
M2a,Q185,0.625,0.625,0.375,8,8,8,data\expanded_outputs\method2a\Q185_method2a_exp_20260413_143945.md
M2a,Q186,0.5,0.5,0.5,8,8,8,data\expanded_outputs\method2a\Q186_method2a_exp_20260413_144251.md
M2a,Q187,0.5,0.5,0.5,8,8,8,data\expanded_outputs\method2a\Q187_method2a_exp_20260413_144524.md
M2a,Q188,0.625,0.625,0.375,8,8,8,data\expanded_outputs\method2a\Q188_method2a_exp_20260413_144744.md
M2a,Q189,0.625,0.625,0.375,8,8,8,data\expanded_outputs\method2a\Q189_method2a_exp_20260413_145025.md
M2a,Q18,0.75,0.75,0.25,8,8,8,data\expanded_outputs\method2a\Q18_method2a_exp_20260412_233619.md
M2a,Q190,0.5,0.5,0.5,8,8,8,data\expanded_outputs\method2a\Q190_method2a_exp_20260413_145307.md
M2a,Q191,0.375,0.375,0.625,8,8,8,data\expanded_outputs\method2a\Q191_method2a_exp_20260413_145544.md
M2a,Q192,0.5,0.5,0.5,8,8,8,data\expanded_outputs\method2a\Q192_method2a_exp_20260413_145828.md
M2a,Q193,0.75,0.75,0.25,8,8,8,data\expanded_outputs\method2a\Q193_method2a_exp_20260413_150116.md
M2a,Q194,0.625,0.625,0.375,8,8,8,data\expanded_outputs\method2a\Q194_method2a_exp_20260413_150425.md
M2a,Q195,0.5,0.5,0.5,8,8,8,data\expanded_outputs\method2a\Q195_method2a_exp_20260413_150728.md
M2a,Q196,0.5,0.5,0.5,8,8,8,data\expanded_outputs\method2a\Q196_method2a_exp_20260413_152901.md
M2a,Q197,0.5,0.5,0.5,8,8,8,data\expanded_outputs\method2a\Q197_method2a_exp_20260413_154006.md
M2a,Q198,0.625,0.625,0.375,8,8,8,data\expanded_outputs\method2a\Q198_method2a_exp_20260413_153319.md
M2a,Q199,0.5,0.5,0.5,8,8,8,data\expanded_outputs\method2a\Q199_method2a_exp_20260413_153627.md
M2a,Q19,0.75,0.75,0.25,8,8,8,data\expanded_outputs\method2a\Q19_method2a_exp_20260412_233923.md
M2a,Q200,0.375,0.375,0.625,8,8,8,data\expanded_outputs\method2a\Q200_method2a_exp_20260413_154256.md
M2a,Q201,0.875,0.875,0.125,8,8,8,data\expanded_outputs\method2a\Q201_method2a_exp_20260413_154541.md
M2a,Q202,0.625,0.625,0.375,8,8,8,data\expanded_outputs\method2a\Q202_method2a_exp_20260413_154829.md
M2a,Q203,0.75,0.75,0.25,8,8,8,data\expanded_outputs\method2a\Q203_method2a_exp_20260413_155057.md
M2a,Q204,0.5,0.5,0.5,8,8,8,data\expanded_outputs\method2a\Q204_method2a_exp_20260413_155353.md
M2a,Q205,0.625,0.625,0.375,8,8,8,data\expanded_outputs\method2a\Q205_method2a_exp_20260413_155707.md
M2a,Q206,0.625,0.625,0.375,8,8,8,data\expanded_outputs\method2a\Q206_method2a_exp_20260413_160013.md
M2a,Q207,0.5,0.5,0.5,8,8,8,data\expanded_outputs\method2a\Q207_method2a_exp_20260413_160307.md
M2a,Q208,0.625,0.625,0.375,8,8,8,data\expanded_outputs\method2a\Q208_method2a_exp_20260413_160557.md
M2a,Q209,0.75,0.75,0.25,8,8,8,data\expanded_outputs\method2a\Q209_method2a_exp_20260413_160836.md
M2a,Q20,0.5,0.5,0.5,8,8,8,data\expanded_outputs\method2a\Q20_method2a_exp_20260412_234214.md
M2a,Q210,0.75,0.75,0.25,8,8,8,data\expanded_outputs\method2a\Q210_method2a_exp_20260413_161122.md
M2a,Q211,0.625,0.625,0.375,8,8,8,data\expanded_outputs\method2a\Q211_method2a_exp_20260413_161402.md
M2a,Q212,0.875,0.875,0.125,8,8,8,data\expanded_outputs\method2a\Q212_method2a_exp_20260413_161627.md
M2a,Q213,0.75,0.75,0.25,8,8,8,data\expanded_outputs\method2a\Q213_method2a_exp_20260413_161909.md
M2a,Q214,0.375,0.375,0.625,8,8,8,data\expanded_outputs\method2a\Q214_method2a_exp_20260413_162156.md
M2a,Q215,0.5,0.5,0.5,8,8,8,data\expanded_outputs\method2a\Q215_method2a_exp_20260413_162439.md
M2a,Q216,0.625,0.625,0.375,8,8,8,data\expanded_outputs\method2a\Q216_method2a_exp_20260413_162705.md
M2a,Q217,0.25,0.25,0.75,8,8,8,data\expanded_outputs\method2a\Q217_method2a_exp_20260413_162946.md
M2a,Q218,0.5,0.5,0.5,8,8,8,data\expanded_outputs\method2a\Q218_method2a_exp_20260413_163238.md
M2a,Q219,0.25,0.25,0.75,8,8,8,data\expanded_outputs\method2a\Q219_method2a_exp_20260413_163540.md
M2a,Q21,0.25,0.25,0.75,8,8,8,data\expanded_outputs\method2a\Q21_method2a_exp_20260412_234538.md
M2a,Q220,0.375,0.375,0.625,8,8,8,data\expanded_outputs\method2a\Q220_method2a_exp_20260413_163852.md
M2a,Q221,0.75,0.75,0.25,8,8,8,data\expanded_outputs\method2a\Q221_method2a_exp_20260413_164152.md
M2a,Q222,0.42857142857142855,0.5,0.625,7,8,8,data\expanded_outputs\method2a\Q222_method2a_exp_20260413_164503.md
M2a,Q223,0.625,0.625,0.375,8,8,8,data\expanded_outputs\method2a\Q223_method2a_exp_20260413_164803.md
M2a,Q224,0.5,0.5,0.5,8,8,8,data\expanded_outputs\method2a\Q224_method2a_exp_20260413_165057.md
M2a,Q225,0.5,0.5,0.5,8,8,8,data\expanded_outputs\method2a\Q225_method2a_exp_20260413_165335.md
M2a,Q226,0.625,0.625,0.375,8,8,8,data\expanded_outputs\method2a\Q226_method2a_exp_20260413_165609.md
M2a,Q227,0.375,0.375,0.625,8,8,8,data\expanded_outputs\method2a\Q227_method2a_exp_20260413_165856.md
M2a,Q228,0.5,0.5,0.5,8,8,8,data\expanded_outputs\method2a\Q228_method2a_exp_20260413_170140.md
M2a,Q229,0.5,0.5,0.5,8,8,8,data\expanded_outputs\method2a\Q229_method2a_exp_20260413_170435.md
M2a,Q22,0.875,0.875,0.125,8,8,8,data\expanded_outputs\method2a\Q22_method2a_exp_20260412_234855.md
M2a,Q230,0.5,0.5,0.5,8,8,8,data\expanded_outputs\method2a\Q230_method2a_exp_20260413_170745.md
M2a,Q231,0.625,0.625,0.375,8,8,8,data\expanded_outputs\method2a\Q231_method2a_exp_20260413_171046.md
M2a,Q232,0.625,0.625,0.375,8,8,8,data\expanded_outputs\method2a\Q232_method2a_exp_20260413_171340.md
M2a,Q233,0.5,0.5,0.5,8,8,8,data\expanded_outputs\method2a\Q233_method2a_exp_20260413_171619.md
M2a,Q234,0.625,0.625,0.375,8,8,8,data\expanded_outputs\method2a\Q234_method2a_exp_20260413_171859.md
M2a,Q235,0.625,0.625,0.375,8,8,8,data\expanded_outputs\method2a\Q235_method2a_exp_20260413_172138.md
M2a,Q236,0.625,0.625,0.375,8,8,8,data\expanded_outputs\method2a\Q236_method2a_exp_20260413_172427.md
M2a,Q237,0.5,0.5,0.5,8,8,8,data\expanded_outputs\method2a\Q237_method2a_exp_20260413_172711.md
M2a,Q238,0.5,0.5,0.5,8,8,8,data\expanded_outputs\method2a\Q238_method2a_exp_20260413_172956.md
M2a,Q239,0.5,0.5,0.5,8,8,8,data\expanded_outputs\method2a\Q239_method2a_exp_20260413_173239.md
M2a,Q23,0.375,0.375,0.625,8,8,8,data\expanded_outputs\method2a\Q23_method2a_exp_20260412_235139.md
M2a,Q240,0.625,0.625,0.375,8,8,8,data\expanded_outputs\method2a\Q240_method2a_exp_20260413_173534.md
M2a,Q241,0.625,0.625,0.375,8,8,8,data\expanded_outputs\method2a\Q241_method2a_exp_20260413_173819.md
M2a,Q242,0.5,0.5,0.5,8,8,8,data\expanded_outputs\method2a\Q242_method2a_exp_20260413_174105.md
M2a,Q243,0.625,0.625,0.375,8,8,8,data\expanded_outputs\method2a\Q243_method2a_exp_20260413_174341.md
M2a,Q244,0.5,0.5,0.5,8,8,8,data\expanded_outputs\method2a\Q244_method2a_exp_20260413_174616.md
M2a,Q245,0.375,0.375,0.625,8,8,8,data\expanded_outputs\method2a\Q245_method2a_exp_20260413_174855.md
M2a,Q246,0.75,0.75,0.25,8,8,8,data\expanded_outputs\method2a\Q246_method2a_exp_20260413_175132.md
M2a,Q247,0.625,0.625,0.375,8,8,8,data\expanded_outputs\method2a\Q247_method2a_exp_20260413_175421.md
M2a,Q248,0.5,0.5,0.5,8,8,8,data\expanded_outputs\method2a\Q248_method2a_exp_20260413_175710.md
M2a,Q249,0.625,0.625,0.375,8,8,8,data\expanded_outputs\method2a\Q249_method2a_exp_20260413_180004.md
M2a,Q24,0.625,0.625,0.375,8,8,8,data\expanded_outputs\method2a\Q24_method2a_exp_20260412_235425.md
M2a,Q250,0.625,0.625,0.375,8,8,8,data\expanded_outputs\method2a\Q250_method2a_exp_20260413_180259.md
M2a,Q251,0.5,0.5,0.5,8,8,8,data\expanded_outputs\method2a\Q251_method2a_exp_20260413_180541.md
M2a,Q25,0.625,0.625,0.375,8,8,8,data\expanded_outputs\method2a\Q25_method2a_exp_20260412_235746.md
M2a,Q26,1.0,1.0,0.0,8,8,8,data\expanded_outputs\method2a\Q26_method2a_exp_20260413_000054.md
M2a,Q27,0.5,0.5,0.5,8,8,8,data\expanded_outputs\method2a\Q27_method2a_exp_20260413_000411.md
M2a,Q28,0.375,0.375,0.625,8,8,8,data\expanded_outputs\method2a\Q28_method2a_exp_20260413_000739.md
M2a,Q29,0.625,0.625,0.375,8,8,8,data\expanded_outputs\method2a\Q29_method2a_exp_20260413_001056.md
M2a,Q30,0.5,0.5,0.5,8,8,8,data\expanded_outputs\method2a\Q30_method2a_exp_20260412_224936.md
M2a,Q31,0.625,0.625,0.375,8,8,8,data\expanded_outputs\method2a\Q31_method2a_exp_20260413_001424.md
M2a,Q32,0.0,0.0,1.0,8,0,8,data\expanded_outputs\method2a\Q32_method2a_exp_20260413_001725.md
M2a,Q33,0.875,0.875,0.125,8,8,8,data\expanded_outputs\method2a\Q33_method2a_exp_20260413_002016.md
M2a,Q34,0.625,0.625,0.375,8,8,8,data\expanded_outputs\method2a\Q34_method2a_exp_20260413_002307.md
M2a,Q35,0.625,0.625,0.375,8,8,8,data\expanded_outputs\method2a\Q35_method2a_exp_20260413_002555.md
M2a,Q36,0.625,0.625,0.375,8,8,8,data\expanded_outputs\method2a\Q36_method2a_exp_20260413_002817.md
M2a,Q37,1.0,1.0,0.0,8,8,8,data\expanded_outputs\method2a\Q37_method2a_exp_20260413_003134.md
M2a,Q38,0.75,0.75,0.25,8,8,8,data\expanded_outputs\method2a\Q38_method2a_exp_20260413_003431.md
M2a,Q39,0.625,0.625,0.375,8,8,8,data\expanded_outputs\method2a\Q39_method2a_exp_20260413_003814.md
M2a,Q40,0.75,0.75,0.25,8,8,8,data\expanded_outputs\method2a\Q40_method2a_exp_20260413_004053.md
M2a,Q41,1.0,1.0,0.0,8,8,8,data\expanded_outputs\method2a\Q41_method2a_exp_20260413_004328.md
M2a,Q42,0.625,0.625,0.375,8,8,8,data\expanded_outputs\method2a\Q42_method2a_exp_20260413_004635.md
M2a,Q43,0.75,0.75,0.25,8,8,8,data\expanded_outputs\method2a\Q43_method2a_exp_20260413_004932.md
M2a,Q44,0.625,0.625,0.375,8,8,8,data\expanded_outputs\method2a\Q44_method2a_exp_20260413_005231.md
M2a,Q45,0.375,0.375,0.625,8,8,8,data\expanded_outputs\method2a\Q45_method2a_exp_20260413_005526.md
M2a,Q46,1.0,1.0,0.0,8,8,8,data\expanded_outputs\method2a\Q46_method2a_exp_20260413_005813.md
M2a,Q47,0.625,0.625,0.375,8,8,8,data\expanded_outputs\method2a\Q47_method2a_exp_20260413_094750.md
M2a,Q48,0.5,0.5,0.5,8,8,8,data\expanded_outputs\method2a\Q48_method2a_exp_20260413_075250.md
M2a,Q49,0.5,0.5,0.5,8,8,8,data\expanded_outputs\method2a\Q49_method2a_exp_20260413_075547.md
M2a,Q50,0.75,0.75,0.25,8,8,8,data\expanded_outputs\method2a\Q50_method2a_exp_20260413_075756.md
M2a,Q51,0.625,0.625,0.375,8,8,8,data\expanded_outputs\method2a\Q51_method2a_exp_20260413_080024.md
M2a,Q52,0.75,0.75,0.25,8,8,8,data\expanded_outputs\method2a\Q52_method2a_exp_20260413_080237.md
M2a,Q53,0.75,0.75,0.25,8,8,8,data\expanded_outputs\method2a\Q53_method2a_exp_20260413_080507.md
M2a,Q54,0.25,0.25,0.75,8,8,8,data\expanded_outputs\method2a\Q54_method2a_exp_20260413_080753.md
M2a,Q55,0.375,0.375,0.625,8,8,8,data\expanded_outputs\method2a\Q55_method2a_exp_20260413_081023.md
M2a,Q56,0.875,0.875,0.125,8,8,8,data\expanded_outputs\method2a\Q56_method2a_exp_20260413_081310.md
M2a,Q57,0.625,0.625,0.375,8,8,8,data\expanded_outputs\method2a\Q57_method2a_exp_20260413_081604.md
M2a,Q58,0.5,0.5,0.5,8,8,8,data\expanded_outputs\method2a\Q58_method2a_exp_20260413_081830.md
M2a,Q59,0.625,0.625,0.375,8,8,8,data\expanded_outputs\method2a\Q59_method2a_exp_20260413_082023.md
M2a,Q60,0.5,0.5,0.5,8,8,8,data\expanded_outputs\method2a\Q60_method2a_exp_20260413_082243.md
M2b,Q01,0.625,0.625,0.375,8,8,8,data\expanded_outputs\method2b\Q01_method2b_exp_20260412_225225.md
M2b,Q02,0.625,0.625,0.375,8,8,8,data\expanded_outputs\method2b\Q02_method2b_exp_20260412_225529.md
M2b,Q03,0.75,0.75,0.25,8,8,8,data\expanded_outputs\method2b\Q03_method2b_exp_20260412_225850.md
M2b,Q04,0.375,0.375,0.625,8,8,8,data\expanded_outputs\method2b\Q04_method2b_exp_20260412_230226.md
M2b,Q05,0.75,0.75,0.25,8,8,8,data\expanded_outputs\method2b\Q05_method2b_exp_20260412_230553.md
M2b,Q61,0.625,0.625,0.375,8,8,8,data\expanded_outputs\method2b\Q061_method2b_exp_20260413_085952.md
M2b,Q62,0.625,0.625,0.375,8,8,8,data\expanded_outputs\method2b\Q062_method2b_exp_20260413_090336.md
M2b,Q63,0.625,0.625,0.375,8,8,8,data\expanded_outputs\method2b\Q063_method2b_exp_20260413_090630.md
M2b,Q64,0.625,0.625,0.375,8,8,8,data\expanded_outputs\method2b\Q064_method2b_exp_20260413_090950.md
M2b,Q65,0.625,0.625,0.375,8,8,8,data\expanded_outputs\method2b\Q065_method2b_exp_20260413_091304.md
M2b,Q66,0.75,0.75,0.25,8,8,8,data\expanded_outputs\method2b\Q066_method2b_exp_20260413_091635.md
M2b,Q67,0.75,0.75,0.25,8,8,8,data\expanded_outputs\method2b\Q067_method2b_exp_20260413_091952.md
M2b,Q68,0.75,0.75,0.25,8,8,8,data\expanded_outputs\method2b\Q068_method2b_exp_20260413_092322.md
M2b,Q69,1.0,1.0,0.0,8,8,8,data\expanded_outputs\method2b\Q069_method2b_exp_20260413_092611.md
M2b,Q06,0.875,0.875,0.125,8,8,8,data\expanded_outputs\method2b\Q06_method2b_exp_20260412_231045.md
M2b,Q70,0.625,0.625,0.375,8,8,8,data\expanded_outputs\method2b\Q070_method2b_exp_20260413_092904.md
M2b,Q71,0.625,0.625,0.375,8,8,8,data\expanded_outputs\method2b\Q071_method2b_exp_20260413_093223.md
M2b,Q72,0.625,0.625,0.375,8,8,8,data\expanded_outputs\method2b\Q072_method2b_exp_20260413_093516.md
M2b,Q73,0.875,0.875,0.125,8,8,8,data\expanded_outputs\method2b\Q073_method2b_exp_20260413_093729.md
M2b,Q74,1.0,1.0,0.0,8,8,8,data\expanded_outputs\method2b\Q074_method2b_exp_20260413_094007.md
M2b,Q75,1.0,1.0,0.0,8,8,8,data\expanded_outputs\method2b\Q075_method2b_exp_20260413_094337.md
M2b,Q76,1.0,1.0,0.0,8,8,8,data\expanded_outputs\method2b\Q076_method2b_exp_20260413_094647.md
M2b,Q77,1.0,1.0,0.0,8,8,8,data\expanded_outputs\method2b\Q077_method2b_exp_20260413_095150.md
M2b,Q78,0.75,0.75,0.25,8,8,8,data\expanded_outputs\method2b\Q078_method2b_exp_20260413_095441.md
M2b,Q79,0.875,0.875,0.125,8,8,8,data\expanded_outputs\method2b\Q079_method2b_exp_20260413_095726.md
M2b,Q07,0.625,0.625,0.375,8,8,8,data\expanded_outputs\method2b\Q07_method2b_exp_20260412_231413.md
M2b,Q80,0.75,0.75,0.25,8,8,8,data\expanded_outputs\method2b\Q080_method2b_exp_20260413_100021.md
M2b,Q81,0.625,0.625,0.375,8,8,8,data\expanded_outputs\method2b\Q081_method2b_exp_20260413_100328.md
M2b,Q82,0.5,0.5,0.5,8,8,8,data\expanded_outputs\method2b\Q082_method2b_exp_20260413_100654.md
M2b,Q83,0.75,0.75,0.25,8,8,8,data\expanded_outputs\method2b\Q083_method2b_exp_20260413_101035.md
M2b,Q84,0.625,0.625,0.375,8,8,8,data\expanded_outputs\method2b\Q084_method2b_exp_20260413_101415.md
M2b,Q85,0.75,0.75,0.25,8,8,8,data\expanded_outputs\method2b\Q085_method2b_exp_20260413_101643.md
M2b,Q86,1.0,1.0,0.0,8,8,8,data\expanded_outputs\method2b\Q086_method2b_exp_20260413_101931.md
M2b,Q87,0.75,0.75,0.25,8,8,8,data\expanded_outputs\method2b\Q087_method2b_exp_20260413_102204.md
M2b,Q88,0.625,0.625,0.375,8,8,8,data\expanded_outputs\method2b\Q088_method2b_exp_20260413_102440.md
M2b,Q89,0.75,0.75,0.25,8,8,8,data\expanded_outputs\method2b\Q089_method2b_exp_20260413_102757.md
M2b,Q08,0.5,0.5,0.5,8,8,8,data\expanded_outputs\method2b\Q08_method2b_exp_20260412_231802.md
M2b,Q90,0.25,0.25,0.75,8,8,8,data\expanded_outputs\method2b\Q090_method2b_exp_20260413_103149.md
M2b,Q91,0.625,0.625,0.375,8,8,8,data\expanded_outputs\method2b\Q091_method2b_exp_20260413_103602.md
M2b,Q92,0.75,0.75,0.25,8,8,8,data\expanded_outputs\method2b\Q092_method2b_exp_20260413_104016.md
M2b,Q93,0.625,0.625,0.375,8,8,8,data\expanded_outputs\method2b\Q093_method2b_exp_20260413_104504.md
M2b,Q94,0.75,0.75,0.25,8,8,8,data\expanded_outputs\method2b\Q094_method2b_exp_20260413_121428.md
M2b,Q95,0.625,0.625,0.375,8,8,8,data\expanded_outputs\method2b\Q095_method2b_exp_20260413_105024.md
M2b,Q96,0.875,0.875,0.125,8,8,8,data\expanded_outputs\method2b\Q096_method2b_exp_20260413_105323.md
M2b,Q97,0.5,0.5,0.5,8,8,8,data\expanded_outputs\method2b\Q097_method2b_exp_20260413_105651.md
M2b,Q98,0.75,0.75,0.25,8,8,8,data\expanded_outputs\method2b\Q098_method2b_exp_20260413_110018.md
M2b,Q99,0.5,0.5,0.5,8,8,8,data\expanded_outputs\method2b\Q099_method2b_exp_20260413_110427.md
M2b,Q09,0.625,0.625,0.375,8,8,8,data\expanded_outputs\method2b\Q09_method2b_exp_20260412_232147.md
M2b,Q100,0.75,0.75,0.25,8,8,8,data\expanded_outputs\method2b\Q100_method2b_exp_20260413_110703.md
M2b,Q101,1.0,1.0,0.0,8,8,8,data\expanded_outputs\method2b\Q101_method2b_exp_20260413_111046.md
M2b,Q102,0.75,0.75,0.25,8,8,8,data\expanded_outputs\method2b\Q102_method2b_exp_20260413_111426.md
M2b,Q103,0.625,0.625,0.375,8,8,8,data\expanded_outputs\method2b\Q103_method2b_exp_20260413_111754.md
M2b,Q104,1.0,1.0,0.375,5,8,8,data\expanded_outputs\method2b\Q104_method2b_exp_20260413_112136.md
M2b,Q105,0.75,0.75,0.25,8,8,8,data\expanded_outputs\method2b\Q105_method2b_exp_20260413_112519.md
M2b,Q106,0.625,0.625,0.375,8,8,8,data\expanded_outputs\method2b\Q106_method2b_exp_20260413_112847.md
M2b,Q107,0.625,0.625,0.375,8,8,8,data\expanded_outputs\method2b\Q107_method2b_exp_20260413_113237.md
M2b,Q108,0.25,0.25,0.75,8,8,8,data\expanded_outputs\method2b\Q108_method2b_exp_20260413_113556.md
M2b,Q109,0.5,0.5,0.5,8,8,8,data\expanded_outputs\method2b\Q109_method2b_exp_20260413_114026.md
M2b,Q10,0.5,0.5,0.5,8,8,8,data\expanded_outputs\method2b\Q10_method2b_exp_20260412_232551.md
M2b,Q110,0.375,0.375,0.625,8,8,8,data\expanded_outputs\method2b\Q110_method2b_exp_20260413_114228.md
M2b,Q111,1.0,1.0,0.0,8,8,8,data\expanded_outputs\method2b\Q111_method2b_exp_20260413_115613.md
M2b,Q112,0.625,0.7142857142857143,0.375,8,7,8,data\expanded_outputs\method2b\Q112_method2b_exp_20260413_120004.md
M2b,Q113,0.625,0.625,0.375,8,8,8,data\expanded_outputs\method2b\Q113_method2b_exp_20260413_120342.md
M2b,Q114,0.625,0.625,0.375,8,8,8,data\expanded_outputs\method2b\Q114_method2b_exp_20260413_120705.md
M2b,Q115,0.625,0.625,0.375,8,8,8,data\expanded_outputs\method2b\Q115_method2b_exp_20260413_121041.md
M2b,Q116,0.375,0.375,0.625,8,8,8,data\expanded_outputs\method2b\Q116_method2b_exp_20260413_121447.md
M2b,Q117,0.625,0.625,0.375,8,8,8,data\expanded_outputs\method2b\Q117_method2b_exp_20260413_121914.md
M2b,Q118,0.875,0.875,0.125,8,8,8,data\expanded_outputs\method2b\Q118_method2b_exp_20260413_122223.md
M2b,Q119,0.5,0.5,0.5,8,8,8,data\expanded_outputs\method2b\Q119_method2b_exp_20260413_122546.md
M2b,Q11,0.0,0.0,1.0,8,0,8,data\expanded_outputs\method2b\Q11_method2b_exp_20260412_232851.md
M2b,Q120,0.625,0.625,0.375,8,8,8,data\expanded_outputs\method2b\Q120_method2b_exp_20260413_122933.md
M2b,Q121,0.5,0.5,0.5,8,8,8,data\expanded_outputs\method2b\Q121_method2b_exp_20260413_123253.md
M2b,Q122,1.0,1.0,0.0,8,8,8,data\expanded_outputs\method2b\Q122_method2b_exp_20260413_123522.md
M2b,Q123,0.75,0.75,0.25,8,8,8,data\expanded_outputs\method2b\Q123_method2b_exp_20260413_124919.md
M2b,Q124,1.0,1.0,0.0,8,8,8,data\expanded_outputs\method2b\Q124_method2b_exp_20260413_125646.md
M2b,Q125,0.875,0.875,0.125,8,8,8,data\expanded_outputs\method2b\Q125_method2b_exp_20260413_125955.md
M2b,Q126,0.75,0.75,0.25,8,8,8,data\expanded_outputs\method2b\Q126_method2b_exp_20260413_130331.md
M2b,Q127,0.5,0.5,0.5,8,8,8,data\expanded_outputs\method2b\Q127_method2b_exp_20260413_130720.md
M2b,Q128,0.375,0.375,0.625,8,8,8,data\expanded_outputs\method2b\Q128_method2b_exp_20260413_131026.md
M2b,Q129,0.5,0.5,0.5,8,8,8,data\expanded_outputs\method2b\Q129_method2b_exp_20260413_131341.md
M2b,Q12,1.0,1.0,0.0,8,8,8,data\expanded_outputs\method2b\Q12_method2b_exp_20260412_233225.md
M2b,Q130,0.375,0.375,0.625,8,8,8,data\expanded_outputs\method2b\Q130_method2b_exp_20260413_131654.md
M2b,Q131,1.0,0.75,0.5,4,8,8,data\expanded_outputs\method2b\Q131_method2b_exp_20260413_132010.md
M2b,Q132,0.75,0.75,0.25,8,8,8,data\expanded_outputs\method2b\Q132_method2b_exp_20260413_132418.md
M2b,Q133,0.875,0.875,0.125,8,8,8,data\expanded_outputs\method2b\Q133_method2b_exp_20260413_132812.md
M2b,Q134,0.75,0.75,0.25,8,8,8,data\expanded_outputs\method2b\Q134_method2b_exp_20260413_133237.md
M2b,Q135,0.375,0.375,0.625,8,8,8,data\expanded_outputs\method2b\Q135_method2b_exp_20260413_133630.md
M2b,Q136,0.375,0.375,0.625,8,8,8,data\expanded_outputs\method2b\Q136_method2b_exp_20260413_133946.md
M2b,Q137,0.625,0.625,0.375,8,8,8,data\expanded_outputs\method2b\Q137_method2b_exp_20260413_134309.md
M2b,Q138,0.625,0.625,0.375,8,8,8,data\expanded_outputs\method2b\Q138_method2b_exp_20260413_134651.md
M2b,Q139,0.625,0.625,0.375,8,8,8,data\expanded_outputs\method2b\Q139_method2b_exp_20260413_135015.md
M2b,Q13,1.0,1.0,0.0,8,8,8,data\expanded_outputs\method2b\Q13_method2b_exp_20260412_233409.md
M2b,Q140,0.625,0.625,0.375,8,8,8,data\expanded_outputs\method2b\Q140_method2b_exp_20260413_135408.md
M2b,Q141,0.5,0.5,0.5,8,8,8,data\expanded_outputs\method2b\Q141_method2b_exp_20260413_135532.md
M2b,Q142,0.625,0.625,0.375,8,8,8,data\expanded_outputs\method2b\Q142_method2b_exp_20260413_135837.md
M2b,Q143,0.375,0.375,0.625,8,8,8,data\expanded_outputs\method2b\Q143_method2b_exp_20260413_140229.md
M2b,Q144,0.625,0.625,0.375,8,8,8,data\expanded_outputs\method2b\Q144_method2b_exp_20260413_140615.md
M2b,Q145,0.625,0.625,0.375,8,8,8,data\expanded_outputs\method2b\Q145_method2b_exp_20260413_141028.md
M2b,Q146,0.5,0.5,0.5,8,8,8,data\expanded_outputs\method2b\Q146_method2b_exp_20260413_141427.md
M2b,Q147,0.625,0.625,0.375,8,8,8,data\expanded_outputs\method2b\Q147_method2b_exp_20260413_141836.md
M2b,Q148,0.5,0.5,0.5,8,8,8,data\expanded_outputs\method2b\Q148_method2b_exp_20260413_142248.md
M2b,Q149,1.0,1.0,0.0,8,8,8,data\expanded_outputs\method2b\Q149_method2b_exp_20260413_142615.md
M2b,Q14,0.625,0.625,0.375,8,8,8,data\expanded_outputs\method2b\Q14_method2b_exp_20260412_233615.md
M2b,Q150,0.5,0.5,0.5,8,8,8,data\expanded_outputs\method2b\Q150_method2b_exp_20260413_142935.md
M2b,Q151,0.625,0.625,0.375,8,8,8,data\expanded_outputs\method2b\Q151_method2b_exp_20260413_143338.md
M2b,Q152,0.625,0.625,0.375,8,8,8,data\expanded_outputs\method2b\Q152_method2b_exp_20260413_143712.md
M2b,Q153,0.625,0.625,0.375,8,8,8,data\expanded_outputs\method2b\Q153_method2b_exp_20260413_144110.md
M2b,Q154,0.375,0.375,0.625,8,8,8,data\expanded_outputs\method2b\Q154_method2b_exp_20260413_144536.md
M2b,Q155,0.375,0.375,0.625,8,8,8,data\expanded_outputs\method2b\Q155_method2b_exp_20260413_144916.md
M2b,Q156,0.625,0.625,0.375,8,8,8,data\expanded_outputs\method2b\Q156_method2b_exp_20260413_145304.md
M2b,Q157,0.75,0.75,0.25,8,8,8,data\expanded_outputs\method2b\Q157_method2b_exp_20260413_145721.md
M2b,Q158,0.625,0.625,0.375,8,8,8,data\expanded_outputs\method2b\Q158_method2b_exp_20260413_150109.md
M2b,Q159,0.5,0.5,0.5,8,8,8,data\expanded_outputs\method2b\Q159_method2b_exp_20260413_150605.md
M2b,Q15,0.75,0.75,0.25,8,8,8,data\expanded_outputs\method2b\Q15_method2b_exp_20260412_234034.md
M2b,Q160,0.625,0.625,0.375,8,8,8,data\expanded_outputs\method2b\Q160_method2b_exp_20260413_150720.md
M2b,Q161,0.5,0.5,0.5,8,8,8,data\expanded_outputs\method2b\Q161_method2b_exp_20260413_153334.md
M2b,Q162,0.625,0.625,0.375,8,8,8,data\expanded_outputs\method2b\Q162_method2b_exp_20260413_153258.md
M2b,Q163,0.75,0.75,0.25,8,8,8,data\expanded_outputs\method2b\Q163_method2b_exp_20260413_154100.md
M2b,Q164,0.5,0.5,0.5,8,8,8,data\expanded_outputs\method2b\Q164_method2b_exp_20260413_154444.md
M2b,Q165,0.375,0.375,0.625,8,8,8,data\expanded_outputs\method2b\Q165_method2b_exp_20260413_154842.md
M2b,Q166,0.75,0.75,0.25,8,8,8,data\expanded_outputs\method2b\Q166_method2b_exp_20260413_155227.md
M2b,Q167,0.75,0.75,0.25,8,8,8,data\expanded_outputs\method2b\Q167_method2b_exp_20260413_155720.md
M2b,Q168,0.625,0.625,0.375,8,8,8,data\expanded_outputs\method2b\Q168_method2b_exp_20260413_160158.md
M2b,Q169,0.5,0.5,0.5,8,8,8,data\expanded_outputs\method2b\Q169_method2b_exp_20260413_160617.md
M2b,Q16,0.625,0.625,0.375,8,8,8,data\expanded_outputs\method2b\Q16_method2b_exp_20260412_234428.md
M2b,Q170,0.5,0.5,0.5,8,8,8,data\expanded_outputs\method2b\Q170_method2b_exp_20260413_161002.md
M2b,Q171,0.75,0.75,0.25,8,8,8,data\expanded_outputs\method2b\Q171_method2b_exp_20260413_161340.md
M2b,Q172,0.625,0.625,0.375,8,8,8,data\expanded_outputs\method2b\Q172_method2b_exp_20260413_161736.md
M2b,Q173,0.625,0.625,0.375,8,8,8,data\expanded_outputs\method2b\Q173_method2b_exp_20260413_162122.md
M2b,Q174,0.5,0.5,0.5,8,8,8,data\expanded_outputs\method2b\Q174_method2b_exp_20260413_162522.md
M2b,Q175,0.5,0.5,0.5,8,8,8,data\expanded_outputs\method2b\Q175_method2b_exp_20260413_162907.md
M2b,Q176,0.625,0.625,0.375,8,8,8,data\expanded_outputs\method2b\Q176_method2b_exp_20260413_163330.md
M2b,Q177,0.5,0.5,0.5,8,8,8,data\expanded_outputs\method2b\Q177_method2b_exp_20260413_163721.md
M2b,Q178,0.625,0.625,0.375,8,8,8,data\expanded_outputs\method2b\Q178_method2b_exp_20260413_164215.md
M2b,Q179,0.625,0.625,0.375,8,8,8,data\expanded_outputs\method2b\Q179_method2b_exp_20260413_164736.md
M2b,Q17,0.75,0.75,0.25,8,8,8,data\expanded_outputs\method2b\Q17_method2b_exp_20260412_234807.md
M2b,Q180,0.5,0.5,0.5,8,8,8,data\expanded_outputs\method2b\Q180_method2b_exp_20260413_165216.md
M2b,Q181,0.625,0.625,0.375,8,8,8,data\expanded_outputs\method2b\Q181_method2b_exp_20260413_165545.md
M2b,Q182,0.625,0.625,0.375,8,8,8,data\expanded_outputs\method2b\Q182_method2b_exp_20260413_165916.md
M2b,Q183,0.75,0.75,0.25,8,8,8,data\expanded_outputs\method2b\Q183_method2b_exp_20260413_170406.md
M2b,Q184,0.5,0.5,0.5,8,8,8,data\expanded_outputs\method2b\Q184_method2b_exp_20260413_170925.md
M2b,Q185,0.625,0.625,0.375,8,8,8,data\expanded_outputs\method2b\Q185_method2b_exp_20260413_171307.md
M2b,Q186,0.5,0.5,0.5,8,8,8,data\expanded_outputs\method2b\Q186_method2b_exp_20260413_171748.md
M2b,Q187,0.5,0.5,0.5,8,8,8,data\expanded_outputs\method2b\Q187_method2b_exp_20260413_172146.md
M2b,Q188,0.625,0.625,0.375,8,8,8,data\expanded_outputs\method2b\Q188_method2b_exp_20260413_172523.md
M2b,Q189,0.625,0.625,0.375,8,8,8,data\expanded_outputs\method2b\Q189_method2b_exp_20260413_172923.md
M2b,Q18,0.75,0.75,0.25,8,8,8,data\expanded_outputs\method2b\Q18_method2b_exp_20260412_235156.md
M2b,Q190,0.5,0.5,0.5,8,8,8,data\expanded_outputs\method2b\Q190_method2b_exp_20260413_173345.md
M2b,Q191,0.375,0.375,0.625,8,8,8,data\expanded_outputs\method2b\Q191_method2b_exp_20260413_173808.md
M2b,Q192,0.5,0.5,0.5,8,8,8,data\expanded_outputs\method2b\Q192_method2b_exp_20260413_174208.md
M2b,Q193,0.625,0.625,0.375,8,8,8,data\expanded_outputs\method2b\Q193_method2b_exp_20260413_174559.md
M2b,Q194,0.625,0.625,0.375,8,8,8,data\expanded_outputs\method2b\Q194_method2b_exp_20260413_174958.md
M2b,Q195,0.5,0.5,0.5,8,8,8,data\expanded_outputs\method2b\Q195_method2b_exp_20260413_175359.md
M2b,Q196,0.5,0.5,0.5,8,8,8,data\expanded_outputs\method2b\Q196_method2b_exp_20260413_175816.md
M2b,Q197,0.5,0.5,0.5,8,8,8,data\expanded_outputs\method2b\Q197_method2b_exp_20260413_180255.md
M2b,Q198,0.625,0.625,0.375,8,8,8,data\expanded_outputs\method2b\Q198_method2b_exp_20260413_180715.md
M2b,Q199,0.625,0.625,0.375,8,8,8,data\expanded_outputs\method2b\Q199_method2b_exp_20260413_181120.md
M2b,Q19,0.625,0.625,0.375,8,8,8,data\expanded_outputs\method2b\Q19_method2b_exp_20260412_235522.md
M2b,Q200,0.375,0.375,0.625,8,8,8,data\expanded_outputs\method2b\Q200_method2b_exp_20260413_181449.md
M2b,Q201,0.75,0.75,0.25,8,8,8,data\expanded_outputs\method2b\Q201_method2b_exp_20260413_181830.md
M2b,Q202,0.625,0.625,0.375,8,8,8,data\expanded_outputs\method2b\Q202_method2b_exp_20260413_182252.md
M2b,Q203,0.75,0.75,0.25,8,8,8,data\expanded_outputs\method2b\Q203_method2b_exp_20260413_182551.md
M2b,Q204,0.5,0.5,0.5,8,8,8,data\expanded_outputs\method2b\Q204_method2b_exp_20260413_225500.md
M2b,Q205,0.5,0.5,0.5,8,8,8,data\expanded_outputs\method2b\Q205_method2b_exp_20260413_183940.md
M2b,Q206,0.625,0.625,0.375,8,8,8,data\expanded_outputs\method2b\Q206_method2b_exp_20260413_184307.md
M2b,Q207,0.5,0.5,0.5,8,8,8,data\expanded_outputs\method2b\Q207_method2b_exp_20260413_184640.md
M2b,Q208,0.625,0.625,0.375,8,8,8,data\expanded_outputs\method2b\Q208_method2b_exp_20260413_184959.md
M2b,Q209,0.75,0.75,0.25,8,8,8,data\expanded_outputs\method2b\Q209_method2b_exp_20260413_185310.md
M2b,Q20,0.625,0.625,0.375,8,8,8,data\expanded_outputs\method2b\Q20_method2b_exp_20260412_235832.md
M2b,Q210,0.75,0.75,0.25,8,8,8,data\expanded_outputs\method2b\Q210_method2b_exp_20260413_185702.md
M2b,Q211,0.625,0.625,0.375,8,8,8,data\expanded_outputs\method2b\Q211_method2b_exp_20260413_190037.md
M2b,Q212,0.875,0.875,0.125,8,8,8,data\expanded_outputs\method2b\Q212_method2b_exp_20260413_190341.md
M2b,Q213,0.75,0.75,0.25,8,8,8,data\expanded_outputs\method2b\Q213_method2b_exp_20260413_190701.md
M2b,Q214,0.375,0.375,0.625,8,8,8,data\expanded_outputs\method2b\Q214_method2b_exp_20260413_190953.md
M2b,Q215,0.5,0.5,0.5,8,8,8,data\expanded_outputs\method2b\Q215_method2b_exp_20260413_191350.md
M2b,Q216,0.625,0.625,0.375,8,8,8,data\expanded_outputs\method2b\Q216_method2b_exp_20260413_191732.md
M2b,Q217,0.25,0.25,0.75,8,8,8,data\expanded_outputs\method2b\Q217_method2b_exp_20260413_192152.md
M2b,Q218,0.5,0.5,0.5,8,8,8,data\expanded_outputs\method2b\Q218_method2b_exp_20260413_192625.md
M2b,Q219,0.25,0.25,0.75,8,8,8,data\expanded_outputs\method2b\Q219_method2b_exp_20260413_193041.md
M2b,Q21,0.25,0.5,0.75,8,4,8,data\expanded_outputs\method2b\Q21_method2b_exp_20260413_000212.md
M2b,Q220,0.5,0.5,0.5,8,8,8,data\expanded_outputs\method2b\Q220_method2b_exp_20260413_193436.md
M2b,Q221,0.75,0.75,0.25,8,8,8,data\expanded_outputs\method2b\Q221_method2b_exp_20260413_193816.md
M2b,Q222,0.375,0.42857142857142855,0.625,8,7,8,data\expanded_outputs\method2b\Q222_method2b_exp_20260413_194215.md
M2b,Q223,0.5,0.5714285714285714,0.5,8,7,8,data\expanded_outputs\method2b\Q223_method2b_exp_20260413_194643.md
M2b,Q224,0.375,0.375,0.625,8,8,8,data\expanded_outputs\method2b\Q224_method2b_exp_20260413_195121.md
M2b,Q225,0.5,0.5,0.5,8,8,8,data\expanded_outputs\method2b\Q225_method2b_exp_20260413_195440.md
M2b,Q226,0.625,0.625,0.375,8,8,8,data\expanded_outputs\method2b\Q226_method2b_exp_20260413_195815.md
M2b,Q227,0.375,0.375,0.625,8,8,8,data\expanded_outputs\method2b\Q227_method2b_exp_20260413_200215.md
M2b,Q228,0.625,0.625,0.375,8,8,8,data\expanded_outputs\method2b\Q228_method2b_exp_20260413_200629.md
M2b,Q229,0.5,0.5,0.5,8,8,8,data\expanded_outputs\method2b\Q229_method2b_exp_20260413_201044.md
M2b,Q22,0.875,0.875,0.125,8,8,8,data\expanded_outputs\method2b\Q22_method2b_exp_20260413_000605.md
M2b,Q230,0.375,0.375,0.625,8,8,8,data\expanded_outputs\method2b\Q230_method2b_exp_20260413_210136.md
M2b,Q231,0.625,0.625,0.375,8,8,8,data\expanded_outputs\method2b\Q231_method2b_exp_20260413_210505.md
M2b,Q232,0.625,0.625,0.375,8,8,8,data\expanded_outputs\method2b\Q232_method2b_exp_20260413_210925.md
M2b,Q233,0.25,0.25,0.75,8,8,8,data\expanded_outputs\method2b\Q233_method2b_exp_20260413_211358.md
M2b,Q234,0.625,0.625,0.375,8,8,8,data\expanded_outputs\method2b\Q234_method2b_exp_20260413_211814.md
M2b,Q235,0.625,0.625,0.375,8,8,8,data\expanded_outputs\method2b\Q235_method2b_exp_20260413_212156.md
M2b,Q236,0.625,0.625,0.375,8,8,8,data\expanded_outputs\method2b\Q236_method2b_exp_20260413_212558.md
M2b,Q237,0.5,0.5,0.5,8,8,8,data\expanded_outputs\method2b\Q237_method2b_exp_20260413_212947.md
M2b,Q238,0.5,0.5,0.5,8,8,8,data\expanded_outputs\method2b\Q238_method2b_exp_20260413_213306.md
M2b,Q239,0.5,0.5,0.5,8,8,8,data\expanded_outputs\method2b\Q239_method2b_exp_20260413_213632.md
M2b,Q23,0.25,0.25,0.75,8,8,8,data\expanded_outputs\method2b\Q23_method2b_exp_20260413_000959.md
M2b,Q240,0.75,0.75,0.25,8,8,8,data\expanded_outputs\method2b\Q240_method2b_exp_20260413_214025.md
M2b,Q241,0.5,0.5,0.5,8,8,8,data\expanded_outputs\method2b\Q241_method2b_exp_20260413_214409.md
M2b,Q242,0.5,0.5,0.5,8,8,8,data\expanded_outputs\method2b\Q242_method2b_exp_20260413_214820.md
M2b,Q243,0.75,0.75,0.25,8,8,8,data\expanded_outputs\method2b\Q243_method2b_exp_20260413_215224.md
M2b,Q244,0.5,0.5,0.5,8,8,8,data\expanded_outputs\method2b\Q244_method2b_exp_20260413_215613.md
M2b,Q245,0.375,0.375,0.625,8,8,8,data\expanded_outputs\method2b\Q245_method2b_exp_20260413_220005.md
M2b,Q246,0.75,0.75,0.25,8,8,8,data\expanded_outputs\method2b\Q246_method2b_exp_20260413_220449.md
M2b,Q247,0.5,0.5,0.5,8,8,8,data\expanded_outputs\method2b\Q247_method2b_exp_20260413_220935.md
M2b,Q248,0.5,0.5,0.5,8,8,8,data\expanded_outputs\method2b\Q248_method2b_exp_20260413_221347.md
M2b,Q249,0.375,0.375,0.625,8,8,8,data\expanded_outputs\method2b\Q249_method2b_exp_20260413_221738.md
M2b,Q24,0.625,0.625,0.375,8,8,8,data\expanded_outputs\method2b\Q24_method2b_exp_20260413_001413.md
M2b,Q250,0.625,0.625,0.375,8,8,8,data\expanded_outputs\method2b\Q250_method2b_exp_20260413_222125.md
M2b,Q251,0.625,0.625,0.375,8,8,8,data\expanded_outputs\method2b\Q251_method2b_exp_20260413_222506.md
M2b,Q25,0.625,0.625,0.375,8,8,8,data\expanded_outputs\method2b\Q25_method2b_exp_20260413_001802.md
M2b,Q26,0.875,0.875,0.125,8,8,8,data\expanded_outputs\method2b\Q26_method2b_exp_20260413_002126.md
M2b,Q27,0.5,0.5,0.5,8,8,8,data\expanded_outputs\method2b\Q27_method2b_exp_20260413_002542.md
M2b,Q28,0.375,0.375,0.625,8,8,8,data\expanded_outputs\method2b\Q28_method2b_exp_20260413_002937.md
M2b,Q29,0.625,0.625,0.375,8,8,8,data\expanded_outputs\method2b\Q29_method2b_exp_20260413_003306.md
M2b,Q30,0.5,0.5,0.5,8,8,8,data\expanded_outputs\method2b\Q30_method2b_exp_20260413_003724.md
M2b,Q31,0.5,0.5,0.5,8,8,8,data\expanded_outputs\method2b\Q31_method2b_exp_20260413_004117.md
M2b,Q32,0.5,0.5,0.5,8,8,8,data\expanded_outputs\method2b\Q32_method2b_exp_20260413_004427.md
M2b,Q33,1.0,1.0,0.0,8,8,8,data\expanded_outputs\method2b\Q33_method2b_exp_20260413_004744.md
M2b,Q34,0.5,0.5,0.5,8,8,8,data\expanded_outputs\method2b\Q34_method2b_exp_20260413_005101.md
M2b,Q35,0.625,0.625,0.375,8,8,8,data\expanded_outputs\method2b\Q35_method2b_exp_20260413_005406.md
M2b,Q36,0.75,0.75,0.25,8,8,8,data\expanded_outputs\method2b\Q36_method2b_exp_20260413_005718.md
M2b,Q37,0.875,0.875,0.125,8,8,8,data\expanded_outputs\method2b\Q37_method2b_exp_20260413_010011.md
M2b,Q38,1.0,1.0,0.0,8,8,8,data\expanded_outputs\method2b\Q38_method2b_exp_20260413_094810.md
M2b,Q39,0.7142857142857143,0.625,0.375,7,8,8,data\expanded_outputs\method2b\Q39_method2b_exp_20260413_075634.md
M2b,Q40,0.75,0.75,0.25,8,8,8,data\expanded_outputs\method2b\Q40_method2b_exp_20260413_075927.md
M2b,Q41,1.0,1.0,0.0,8,8,8,data\expanded_outputs\method2b\Q41_method2b_exp_20260413_080231.md
M2b,Q42,0.625,0.625,0.375,8,8,8,data\expanded_outputs\method2b\Q42_method2b_exp_20260413_080553.md
M2b,Q43,0.75,0.75,0.25,8,8,8,data\expanded_outputs\method2b\Q43_method2b_exp_20260413_080931.md
M2b,Q44,0.75,0.75,0.25,8,8,8,data\expanded_outputs\method2b\Q44_method2b_exp_20260413_081310.md
M2b,Q45,0.6666666666666666,0.375,0.75,3,8,8,data\expanded_outputs\method2b\Q45_method2b_exp_20260413_081612.md
M2b,Q46,1.0,1.0,0.0,8,8,8,data\expanded_outputs\method2b\Q46_method2b_exp_20260413_081854.md
M2b,Q47,0.625,0.625,0.375,8,8,8,data\expanded_outputs\method2b\Q47_method2b_exp_20260413_082121.md
M2b,Q48,0.625,0.625,0.375,8,8,8,data\expanded_outputs\method2b\Q48_method2b_exp_20260413_082417.md
M2b,Q49,0.5,0.5,0.5,8,8,8,data\expanded_outputs\method2b\Q49_method2b_exp_20260413_082702.md
M2b,Q50,0.875,0.875,0.125,8,8,8,data\expanded_outputs\method2b\Q50_method2b_exp_20260413_082921.md
M2b,Q51,0.625,0.625,0.375,8,8,8,data\expanded_outputs\method2b\Q51_method2b_exp_20260413_083206.md
M2b,Q52,0.75,0.75,0.25,8,8,8,data\expanded_outputs\method2b\Q52_method2b_exp_20260413_083430.md
M2b,Q53,0.75,0.75,0.25,8,8,8,data\expanded_outputs\method2b\Q53_method2b_exp_20260413_083704.md
M2b,Q54,0.625,0.625,0.375,8,8,8,data\expanded_outputs\method2b\Q54_method2b_exp_20260413_084008.md
M2b,Q55,0.375,0.375,0.625,8,8,8,data\expanded_outputs\method2b\Q55_method2b_exp_20260413_084226.md
M2b,Q56,0.75,0.75,0.25,8,8,8,data\expanded_outputs\method2b\Q56_method2b_exp_20260413_084455.md
M2b,Q57,0.625,0.625,0.375,8,8,8,data\expanded_outputs\method2b\Q57_method2b_exp_20260413_084743.md
M2b,Q58,0.5,0.5,0.5,8,8,8,data\expanded_outputs\method2b\Q58_method2b_exp_20260413_085117.md
M2b,Q59,0.625,0.625,0.375,8,8,8,data\expanded_outputs\method2b\Q59_method2b_exp_20260413_085349.md
M2b,Q60,0.625,0.625,0.375,8,8,8,data\expanded_outputs\method2b\Q60_method2b_exp_20260413_085652.md
M2c,Q01,,0.625,1.0,0,8,8,data\expanded_outputs\method2d\Q01_method2d_exp_20260412_223423.md
M2c,Q02,0.5,0.625,0.875,2,8,8,data\expanded_outputs\method2d\Q02_method2d_exp_20260412_223737.md
M2c,Q03,,0.75,1.0,0,8,8,data\expanded_outputs\method2d\Q03_method2d_exp_20260412_223900.md
M2c,Q04,,0.375,1.0,0,8,8,data\expanded_outputs\method2d\Q04_method2d_exp_20260412_223958.md
M2c,Q05,0.6666666666666666,0.625,0.75,3,8,8,data\expanded_outputs\method2d\Q05_method2d_exp_20260412_224105.md
M2c,Q61,0.5714285714285714,0.5,0.5,7,8,8,data\expanded_outputs\method2d\Q061_method2d_exp_20260412_233643.md
M2c,Q62,0.75,0.625,0.625,4,8,8,data\expanded_outputs\method2d\Q062_method2d_exp_20260412_233743.md
M2c,Q63,0.6,0.5,0.625,5,8,8,data\expanded_outputs\method2d\Q063_method2d_exp_20260412_233848.md
M2c,Q64,0.5714285714285714,0.625,0.5,7,8,8,data\expanded_outputs\method2d\Q064_method2d_exp_20260412_233956.md
M2c,Q65,,0.875,1.0,0,8,8,data\expanded_outputs\method2d\Q065_method2d_exp_20260412_234055.md
M2c,Q66,,0.625,1.0,0,8,8,data\expanded_outputs\method2d\Q066_method2d_exp_20260412_234150.md
M2c,Q67,1.0,0.625,0.75,2,8,8,data\expanded_outputs\method2d\Q067_method2d_exp_20260412_234258.md
M2c,Q68,,0.75,1.0,0,8,8,data\expanded_outputs\method2d\Q068_method2d_exp_20260412_234402.md
M2c,Q69,0.6666666666666666,0.75,0.5,6,8,8,data\expanded_outputs\method2d\Q069_method2d_exp_20260412_234503.md
M2c,Q06,1.0,0.875,0.5,4,8,8,data\expanded_outputs\method2d\Q06_method2d_exp_20260412_224213.md
M2c,Q70,0.5,0.5,0.875,2,8,8,data\expanded_outputs\method2d\Q070_method2d_exp_20260412_234607.md
M2c,Q71,,0.625,1.0,0,8,8,data\expanded_outputs\method2d\Q071_method2d_exp_20260412_234712.md
M2c,Q72,0.8571428571428571,0.75,0.25,7,8,8,data\expanded_outputs\method2d\Q072_method2d_exp_20260412_234752.md
M2c,Q73,0.6666666666666666,0.75,0.75,3,8,8,data\expanded_outputs\method2d\Q073_method2d_exp_20260412_234900.md
M2c,Q74,,0.5,1.0,0,8,8,data\expanded_outputs\method2d\Q074_method2d_exp_20260412_235012.md
M2c,Q75,0.4,0.5,0.75,5,8,8,data\expanded_outputs\method2d\Q075_method2d_exp_20260412_235119.md
M2c,Q76,0.625,0.625,0.375,8,8,8,data\expanded_outputs\method2d\Q076_method2d_exp_20260412_235227.md
M2c,Q77,0.6666666666666666,0.5,0.75,3,8,8,data\expanded_outputs\method2d\Q077_method2d_exp_20260412_235327.md
M2c,Q78,1.0,0.625,0.875,1,8,8,data\expanded_outputs\method2d\Q078_method2d_exp_20260412_235433.md
M2c,Q79,0.8,0.75,0.5,5,8,8,data\expanded_outputs\method2d\Q079_method2d_exp_20260412_235539.md
M2c,Q07,0.375,0.375,0.625,8,8,8,data\expanded_outputs\method2d\Q07_method2d_exp_20260412_224323.md
M2c,Q80,0.8,0.75,0.5,5,8,8,data\expanded_outputs\method2d\Q080_method2d_exp_20260412_235652.md
M2c,Q81,0.5,0.625,0.75,4,8,8,data\expanded_outputs\method2d\Q081_method2d_exp_20260412_235755.md
M2c,Q82,,0.5,1.0,0,8,8,data\expanded_outputs\method2d\Q082_method2d_exp_20260412_235903.md
M2c,Q83,0.8,0.625,0.5,5,8,8,data\expanded_outputs\method2d\Q083_method2d_exp_20260413_000010.md
M2c,Q84,0.5,0.625,0.875,2,8,8,data\expanded_outputs\method2d\Q084_method2d_exp_20260413_000116.md
M2c,Q85,0.5,0.75,0.75,4,8,8,data\expanded_outputs\method2d\Q085_method2d_exp_20260413_000222.md
M2c,Q86,0.75,0.625,0.625,4,8,8,data\expanded_outputs\method2d\Q086_method2d_exp_20260413_000333.md
M2c,Q87,0.6666666666666666,0.75,0.75,3,8,8,data\expanded_outputs\method2d\Q087_method2d_exp_20260413_000511.md
M2c,Q88,0.5,0.625,0.75,4,8,8,data\expanded_outputs\method2d\Q088_method2d_exp_20260413_000619.md
M2c,Q89,0.7142857142857143,0.75,0.375,7,8,8,data\expanded_outputs\method2d\Q089_method2d_exp_20260413_000728.md
M2c,Q08,0.5714285714285714,0.625,0.5,7,8,8,data\expanded_outputs\method2d\Q08_method2d_exp_20260412_224425.md
M2c,Q90,0.5,0.375,0.875,2,8,8,data\expanded_outputs\method2d\Q090_method2d_exp_20260413_000821.md
M2c,Q91,0.5,0.25,0.875,2,8,8,data\expanded_outputs\method2d\Q091_method2d_exp_20260413_000914.md
M2c,Q92,0.75,0.625,0.625,4,8,8,data\expanded_outputs\method2d\Q092_method2d_exp_20260413_001020.md
M2c,Q93,1.0,0.5,0.75,2,8,8,data\expanded_outputs\method2d\Q093_method2d_exp_20260413_001130.md
M2c,Q94,1.0,0.75,0.375,5,8,8,data\expanded_outputs\method2d\Q094_method2d_exp_20260413_001235.md
M2c,Q95,0.6666666666666666,0.625,0.75,3,8,8,data\expanded_outputs\method2d\Q095_method2d_exp_20260413_001343.md
M2c,Q96,0.6666666666666666,0.75,0.75,3,8,8,data\expanded_outputs\method2d\Q096_method2d_exp_20260413_001450.md
M2c,Q97,0.0,0.375,1.0,2,8,8,data\expanded_outputs\method2d\Q097_method2d_exp_20260413_001603.md
M2c,Q98,0.0,0.75,1.0,1,8,8,data\expanded_outputs\method2d\Q098_method2d_exp_20260413_001711.md
M2c,Q99,0.5,0.375,0.75,4,8,8,data\expanded_outputs\method2d\Q099_method2d_exp_20260413_001820.md
M2c,Q09,0.6,0.625,0.625,5,8,8,data\expanded_outputs\method2d\Q09_method2d_exp_20260412_224526.md
M2c,Q100,0.3333333333333333,0.625,0.875,3,8,8,data\expanded_outputs\method2d\Q100_method2d_exp_20260413_001931.md
M2c,Q101,0.5,0.5,0.5,8,8,8,data\expanded_outputs\method2d\Q101_method2d_exp_20260413_002041.md
M2c,Q102,0.5,0.375,0.75,4,8,8,data\expanded_outputs\method2d\Q102_method2d_exp_20260413_002150.md
M2c,Q103,,0.625,1.0,0,8,8,data\expanded_outputs\method2d\Q103_method2d_exp_20260413_002307.md
M2c,Q104,0.5,0.5,0.625,6,8,8,data\expanded_outputs\method2d\Q104_method2d_exp_20260413_002408.md
M2c,Q105,0.5,0.5,0.875,2,8,8,data\expanded_outputs\method2d\Q105_method2d_exp_20260413_002507.md
M2c,Q106,0.6666666666666666,0.75,0.5,6,8,8,data\expanded_outputs\method2d\Q106_method2d_exp_20260413_002614.md
M2c,Q107,0.6666666666666666,0.625,0.75,3,8,8,data\expanded_outputs\method2d\Q107_method2d_exp_20260413_002722.md
M2c,Q108,0.75,0.75,0.25,8,8,8,data\expanded_outputs\method2d\Q108_method2d_exp_20260413_002804.md
M2c,Q109,0.5,0.625,0.75,4,8,8,data\expanded_outputs\method2d\Q109_method2d_exp_20260413_002905.md
M2c,Q10,,0.625,1.0,0,8,8,data\expanded_outputs\method2d\Q10_method2d_exp_20260412_224638.md
M2c,Q110,0.25,0.5,0.875,4,8,8,data\expanded_outputs\method2d\Q110_method2d_exp_20260413_003013.md
M2c,Q111,0.8,0.875,0.5,5,8,8,data\expanded_outputs\method2d\Q111_method2d_exp_20260413_003122.md
M2c,Q112,0.75,0.625,0.625,4,8,8,data\expanded_outputs\method2d\Q112_method2d_exp_20260413_003229.md
M2c,Q113,0.5,0.375,0.75,4,8,8,data\expanded_outputs\method2d\Q113_method2d_exp_20260413_003333.md
M2c,Q114,0.6666666666666666,0.875,0.75,3,8,8,data\expanded_outputs\method2d\Q114_method2d_exp_20260413_003435.md
M2c,Q115,0.5,0.5,0.875,2,8,8,data\expanded_outputs\method2d\Q115_method2d_exp_20260413_003541.md
M2c,Q116,0.3333333333333333,0.5,0.875,3,8,8,data\expanded_outputs\method2d\Q116_method2d_exp_20260413_003645.md
M2c,Q117,0.6666666666666666,0.625,0.75,3,8,8,data\expanded_outputs\method2d\Q117_method2d_exp_20260413_003802.md
M2c,Q118,,1.0,1.0,0,8,8,data\expanded_outputs\method2d\Q118_method2d_exp_20260413_003903.md
M2c,Q119,0.3333333333333333,0.75,0.875,3,8,8,data\expanded_outputs\method2d\Q119_method2d_exp_20260413_004015.md
M2c,Q11,0.6666666666666666,0.625,0.75,3,8,8,data\expanded_outputs\method2d\Q11_method2d_exp_20260412_224751.md
M2c,Q120,0.6,0.5,0.625,5,8,8,data\expanded_outputs\method2d\Q120_method2d_exp_20260413_004127.md
M2c,Q121,0.6666666666666666,0.625,0.75,3,8,8,data\expanded_outputs\method2d\Q121_method2d_exp_20260413_004239.md
M2c,Q122,1.0,1.0,0.625,3,8,8,data\expanded_outputs\method2d\Q122_method2d_exp_20260413_004348.md
M2c,Q123,0.5,0.75,0.75,4,8,8,data\expanded_outputs\method2d\Q123_method2d_exp_20260413_004344.md
M2c,Q124,0.6,0.5,0.625,5,8,8,data\expanded_outputs\method2d\Q124_method2d_exp_20260413_004454.md
M2c,Q125,1.0,1.0,0.875,1,8,8,data\expanded_outputs\method2d\Q125_method2d_exp_20260413_004548.md
M2c,Q126,,0.625,1.0,0,8,8,data\expanded_outputs\method2d\Q126_method2d_exp_20260413_004647.md
M2c,Q127,0.75,0.75,0.625,4,8,8,data\expanded_outputs\method2d\Q127_method2d_exp_20260413_004725.md
M2c,Q128,0.75,0.5,0.625,4,8,8,data\expanded_outputs\method2d\Q128_method2d_exp_20260413_004837.md
M2c,Q129,0.0,0.5,1.0,2,8,8,data\expanded_outputs\method2d\Q129_method2d_exp_20260413_004936.md
M2c,Q12,0.6,0.625,0.625,5,8,8,data\expanded_outputs\method2d\Q12_method2d_exp_20260412_224853.md
M2c,Q130,0.5,0.5,0.625,6,8,8,data\expanded_outputs\method2d\Q130_method2d_exp_20260413_005042.md
M2c,Q131,1.0,0.75,0.5,4,8,8,data\expanded_outputs\method2d\Q131_method2d_exp_20260413_005136.md
M2c,Q132,1.0,0.75,0.5,4,8,8,data\expanded_outputs\method2d\Q132_method2d_exp_20260413_005245.md
M2c,Q133,1.0,0.625,0.75,2,8,8,data\expanded_outputs\method2d\Q133_method2d_exp_20260413_005354.md
M2c,Q134,,1.0,1.0,0,8,8,data\expanded_outputs\method2d\Q134_method2d_exp_20260413_005457.md
M2c,Q135,0.5,0.375,0.75,4,8,8,data\expanded_outputs\method2d\Q135_method2d_exp_20260413_005608.md
M2c,Q136,0.5,0.875,0.875,2,8,8,data\expanded_outputs\method2d\Q136_method2d_exp_20260413_005718.md
M2c,Q137,0.75,0.75,0.25,8,8,8,data\expanded_outputs\method2d\Q137_method2d_exp_20260413_005827.md
M2c,Q138,1.0,0.625,0.5,4,8,8,data\expanded_outputs\method2d\Q138_method2d_exp_20260413_005937.md
M2c,Q139,1.0,0.625,0.75,2,8,8,data\expanded_outputs\method2d\Q139_method2d_exp_20260413_010002.md
M2c,Q13,0.625,0.625,0.375,8,8,8,data\expanded_outputs\method2d\Q13_method2d_exp_20260412_224955.md
M2c,Q140,1.0,1.0,0.5,4,8,8,data\expanded_outputs\method2d\Q140_method2d_exp_20260413_075152.md
M2c,Q141,0.3333333333333333,0.5,0.875,3,8,8,data\expanded_outputs\method2d\Q141_method2d_exp_20260413_075256.md
M2c,Q142,1.0,1.0,0.75,2,8,8,data\expanded_outputs\method2d\Q142_method2d_exp_20260413_075448.md
M2c,Q143,0.6666666666666666,0.25,0.75,3,8,8,data\expanded_outputs\method2d\Q143_method2d_exp_20260413_075547.md
M2c,Q144,0.6666666666666666,0.625,0.75,3,8,8,data\expanded_outputs\method2d\Q144_method2d_exp_20260413_075643.md
M2c,Q145,0.4,0.625,0.75,5,8,8,data\expanded_outputs\method2d\Q145_method2d_exp_20260413_075745.md
M2c,Q146,0.8333333333333334,0.75,0.375,6,8,8,data\expanded_outputs\method2d\Q146_method2d_exp_20260413_075845.md
M2c,Q147,,0.625,1.0,0,8,8,data\expanded_outputs\method2d\Q147_method2d_exp_20260413_075952.md
M2c,Q148,0.5,0.625,0.625,6,8,8,data\expanded_outputs\method2d\Q148_method2d_exp_20260413_080101.md
M2c,Q149,0.5,0.875,0.875,2,8,8,data\expanded_outputs\method2d\Q149_method2d_exp_20260413_080204.md
M2c,Q14,0.6666666666666666,0.75,0.5,6,8,8,data\expanded_outputs\method2d\Q14_method2d_exp_20260412_225059.md
M2c,Q150,1.0,0.625,0.625,3,8,8,data\expanded_outputs\method2d\Q150_method2d_exp_20260413_080309.md
M2c,Q151,0.6,0.625,0.625,5,8,8,data\expanded_outputs\method2d\Q151_method2d_exp_20260413_080414.md
M2c,Q152,1.0,1.0,0.875,1,8,8,data\expanded_outputs\method2d\Q152_method2d_exp_20260413_080512.md
M2c,Q153,0.5,0.75,0.875,2,8,8,data\expanded_outputs\method2d\Q153_method2d_exp_20260413_080617.md
M2c,Q154,0.75,0.625,0.625,4,8,8,data\expanded_outputs\method2d\Q154_method2d_exp_20260413_080720.md
M2c,Q155,1.0,0.875,0.5,4,8,8,data\expanded_outputs\method2d\Q155_method2d_exp_20260413_080829.md
M2c,Q156,1.0,1.0,0.5,4,8,8,data\expanded_outputs\method2d\Q156_method2d_exp_20260413_080933.md
M2c,Q157,0.8333333333333334,0.75,0.375,6,8,8,data\expanded_outputs\method2d\Q157_method2d_exp_20260413_081018.md
M2c,Q158,0.5,0.5,0.75,4,8,8,data\expanded_outputs\method2d\Q158_method2d_exp_20260413_081126.md
M2c,Q159,0.6666666666666666,0.5,0.75,3,8,8,data\expanded_outputs\method2d\Q159_method2d_exp_20260413_081230.md
M2c,Q15,0.75,0.75,0.25,8,8,8,data\expanded_outputs\method2d\Q15_method2d_exp_20260412_225211.md
M2c,Q160,0.6,0.5,0.625,5,8,8,data\expanded_outputs\method2d\Q160_method2d_exp_20260413_081331.md
M2c,Q161,0.2,0.5,0.875,5,8,8,data\expanded_outputs\method2d\Q161_method2d_exp_20260413_081433.md
M2c,Q162,0.8,0.625,0.5,5,8,8,data\expanded_outputs\method2d\Q162_method2d_exp_20260413_081541.md
M2c,Q163,0.625,0.625,0.375,8,8,8,data\expanded_outputs\method2d\Q163_method2d_exp_20260413_081642.md
M2c,Q164,0.6666666666666666,0.625,0.75,3,8,8,data\expanded_outputs\method2d\Q164_method2d_exp_20260413_081728.md
M2c,Q165,0.0,0.25,1.0,2,8,8,data\expanded_outputs\method2d\Q165_method2d_exp_20260413_081834.md
M2c,Q166,0.5,0.5,0.875,2,8,8,data\expanded_outputs\method2d\Q166_method2d_exp_20260413_081936.md
M2c,Q167,0.75,0.5,0.625,4,8,8,data\expanded_outputs\method2d\Q167_method2d_exp_20260413_082042.md
M2c,Q168,0.75,0.625,0.625,4,8,8,data\expanded_outputs\method2d\Q168_method2d_exp_20260413_082150.md
M2c,Q169,0.5,0.625,0.75,4,8,8,data\expanded_outputs\method2d\Q169_method2d_exp_20260413_082256.md
M2c,Q16,0.75,0.75,0.625,4,8,8,data\expanded_outputs\method2d\Q16_method2d_exp_20260412_225312.md
M2c,Q170,0.0,0.25,1.0,1,8,8,data\expanded_outputs\method2d\Q170_method2d_exp_20260413_094548.md
M2c,Q171,0.5,0.625,0.75,4,8,8,data\expanded_outputs\method2d\Q171_method2d_exp_20260413_094655.md
M2c,Q172,0.5,0.625,0.75,4,8,8,data\expanded_outputs\method2d\Q172_method2d_exp_20260413_094806.md
M2c,Q173,0.375,0.375,0.625,8,8,8,data\expanded_outputs\method2d\Q173_method2d_exp_20260413_094914.md
M2c,Q174,0.6666666666666666,0.5,0.75,3,8,8,data\expanded_outputs\method2d\Q174_method2d_exp_20260413_095057.md
M2c,Q175,0.4,0.5,0.75,5,8,8,data\expanded_outputs\method2d\Q175_method2d_exp_20260413_095207.md
M2c,Q176,0.5,0.5,0.5,8,8,8,data\expanded_outputs\method2d\Q176_method2d_exp_20260413_095317.md
M2c,Q177,0.5,0.625,0.875,2,8,8,data\expanded_outputs\method2d\Q177_method2d_exp_20260413_095421.md
M2c,Q178,0.6666666666666666,0.625,0.5,6,8,8,data\expanded_outputs\method2d\Q178_method2d_exp_20260413_095533.md
M2c,Q179,0.8,0.625,0.5,5,8,8,data\expanded_outputs\method2d\Q179_method2d_exp_20260413_095653.md
M2c,Q17,0.75,0.625,0.625,4,8,8,data\expanded_outputs\method2d\Q17_method2d_exp_20260412_225419.md
M2c,Q180,1.0,1.0,0.625,3,8,8,data\expanded_outputs\method2d\Q180_method2d_exp_20260413_095754.md
M2c,Q181,0.0,0.5,1.0,2,8,8,data\expanded_outputs\method2d\Q181_method2d_exp_20260413_095857.md
M2c,Q182,1.0,0.625,0.75,2,8,8,data\expanded_outputs\method2d\Q182_method2d_exp_20260413_095959.md
M2c,Q183,1.0,0.625,0.75,2,8,8,data\expanded_outputs\method2d\Q183_method2d_exp_20260413_100107.md
M2c,Q184,,0.5,1.0,0,8,8,data\expanded_outputs\method2d\Q184_method2d_exp_20260413_100215.md
M2c,Q185,0.5,0.375,0.875,2,8,8,data\expanded_outputs\method2d\Q185_method2d_exp_20260413_100328.md
M2c,Q186,0.75,0.625,0.625,4,8,8,data\expanded_outputs\method2d\Q186_method2d_exp_20260413_100435.md
M2c,Q187,0.25,0.5,0.875,4,8,8,data\expanded_outputs\method2d\Q187_method2d_exp_20260413_100538.md
M2c,Q188,0.3333333333333333,0.625,0.875,3,8,8,data\expanded_outputs\method2d\Q188_method2d_exp_20260413_100644.md
M2c,Q189,,0.625,1.0,0,8,8,data\expanded_outputs\method2d\Q189_method2d_exp_20260413_100758.md
M2c,Q18,0.8,0.75,0.5,5,8,8,data\expanded_outputs\method2d\Q18_method2d_exp_20260412_225527.md
M2c,Q190,0.5,0.5,0.625,6,8,8,data\expanded_outputs\method2d\Q190_method2d_exp_20260413_100915.md
M2c,Q191,0.5,0.375,0.875,2,8,8,data\expanded_outputs\method2d\Q191_method2d_exp_20260413_101022.md
M2c,Q192,,0.5,1.0,0,8,8,data\expanded_outputs\method2d\Q192_method2d_exp_20260413_101104.md
M2c,Q193,1.0,0.625,0.625,3,8,8,data\expanded_outputs\method2d\Q193_method2d_exp_20260413_101212.md
M2c,Q194,0.3333333333333333,0.625,0.875,3,8,8,data\expanded_outputs\method2d\Q194_method2d_exp_20260413_101321.md
M2c,Q195,1.0,0.625,0.625,3,8,8,data\expanded_outputs\method2d\Q195_method2d_exp_20260413_101431.md
M2c,Q196,0.75,0.625,0.625,4,8,8,data\expanded_outputs\method2d\Q196_method2d_exp_20260413_101544.md
M2c,Q197,0.25,0.625,0.875,4,8,8,data\expanded_outputs\method2d\Q197_method2d_exp_20260413_101656.md
M2c,Q198,1.0,0.625,0.75,2,8,8,data\expanded_outputs\method2d\Q198_method2d_exp_20260413_101805.md
M2c,Q199,0.5,0.5,0.625,6,8,8,data\expanded_outputs\method2d\Q199_method2d_exp_20260413_101912.md
M2c,Q19,0.5,0.625,0.75,4,8,8,data\expanded_outputs\method2d\Q19_method2d_exp_20260412_225515.md
M2c,Q200,0.6,0.5,0.625,5,8,8,data\expanded_outputs\method2d\Q200_method2d_exp_20260413_102016.md
M2c,Q201,0.6666666666666666,0.625,0.75,3,8,8,data\expanded_outputs\method2d\Q201_method2d_exp_20260413_102134.md
M2c,Q202,0.6666666666666666,0.5,0.75,3,8,8,data\expanded_outputs\method2d\Q202_method2d_exp_20260413_102242.md
M2c,Q203,0.0,0.875,1.0,1,8,8,data\expanded_outputs\method2d\Q203_method2d_exp_20260413_102344.md
M2c,Q204,0.5,0.625,0.75,4,8,8,data\expanded_outputs\method2d\Q204_method2d_exp_20260413_102453.md
M2c,Q205,1.0,0.625,0.625,3,8,8,data\expanded_outputs\method2d\Q205_method2d_exp_20260413_102556.md
M2c,Q206,0.5,0.5,0.75,4,8,8,data\expanded_outputs\method2d\Q206_method2d_exp_20260413_102700.md
M2c,Q207,0.3333333333333333,0.5,0.875,3,8,8,data\expanded_outputs\method2d\Q207_method2d_exp_20260413_102810.md
M2c,Q208,0.75,0.625,0.625,4,8,8,data\expanded_outputs\method2d\Q208_method2d_exp_20260413_102920.md
M2c,Q209,0.8333333333333334,0.75,0.375,6,8,8,data\expanded_outputs\method2d\Q209_method2d_exp_20260413_103020.md
M2c,Q20,0.75,0.625,0.625,4,8,8,data\expanded_outputs\method2d\Q20_method2d_exp_20260412_225631.md
M2c,Q210,0.3333333333333333,0.375,0.875,3,8,8,data\expanded_outputs\method2d\Q210_method2d_exp_20260413_103135.md
M2c,Q211,0.8,0.5,0.5,5,8,8,data\expanded_outputs\method2d\Q211_method2d_exp_20260413_103243.md
M2c,Q212,1.0,0.875,0.75,2,8,8,data\expanded_outputs\method2d\Q212_method2d_exp_20260413_103353.md
M2c,Q213,1.0,0.625,0.625,3,8,8,data\expanded_outputs\method2d\Q213_method2d_exp_20260413_103455.md
M2c,Q214,0.3333333333333333,0.625,0.875,3,8,8,data\expanded_outputs\method2d\Q214_method2d_exp_20260413_103607.md
M2c,Q215,0.0,0.875,1.0,1,8,8,data\expanded_outputs\method2d\Q215_method2d_exp_20260413_103723.md
M2c,Q216,0.6666666666666666,0.5,0.75,3,8,8,data\expanded_outputs\method2d\Q216_method2d_exp_20260413_103824.md
M2c,Q217,0.6666666666666666,0.5,0.75,3,8,8,data\expanded_outputs\method2d\Q217_method2d_exp_20260413_103930.md
M2c,Q218,0.6666666666666666,0.625,0.75,3,8,8,data\expanded_outputs\method2d\Q218_method2d_exp_20260413_104037.md
M2c,Q219,0.25,0.625,0.875,4,8,8,data\expanded_outputs\method2d\Q219_method2d_exp_20260413_104151.md
M2c,Q21,0.25,0.25,0.875,4,8,8,data\expanded_outputs\method2d\Q21_method2d_exp_20260412_225725.md
M2c,Q220,0.5,0.5,0.5,8,8,8,data\expanded_outputs\method2d\Q220_method2d_exp_20260413_104307.md
M2c,Q221,0.8,0.625,0.5,5,8,8,data\expanded_outputs\method2d\Q221_method2d_exp_20260413_104418.md
M2c,Q222,0.6,0.5,0.625,5,8,8,data\expanded_outputs\method2d\Q222_method2d_exp_20260413_104533.md
M2c,Q223,0.5,0.375,0.625,6,8,8,data\expanded_outputs\method2d\Q223_method2d_exp_20260413_113433.md
M2c,Q224,0.2,0.5,0.875,5,8,8,data\expanded_outputs\method2d\Q224_method2d_exp_20260413_104837.md
M2c,Q225,0.5,0.5,0.75,4,8,8,data\expanded_outputs\method2d\Q225_method2d_exp_20260413_104943.md
M2c,Q226,0.6666666666666666,0.5,0.5,6,8,8,data\expanded_outputs\method2d\Q226_method2d_exp_20260413_105104.md
M2c,Q227,0.6666666666666666,0.5,0.75,3,8,8,data\expanded_outputs\method2d\Q227_method2d_exp_20260413_105233.md
M2c,Q228,0.25,0.5,0.875,4,8,8,data\expanded_outputs\method2d\Q228_method2d_exp_20260413_105342.md
M2c,Q229,0.6666666666666666,0.625,0.75,3,8,8,data\expanded_outputs\method2d\Q229_method2d_exp_20260413_105451.md
M2c,Q22,,0.75,1.0,0,8,8,data\expanded_outputs\method2d\Q22_method2d_exp_20260412_225807.md
M2c,Q230,,0.625,1.0,0,8,8,data\expanded_outputs\method2d\Q230_method2d_exp_20260413_105603.md
M2c,Q231,0.0,0.625,1.0,1,8,8,data\expanded_outputs\method2d\Q231_method2d_exp_20260413_105708.md
M2c,Q232,0.6,0.625,0.625,5,8,8,data\expanded_outputs\method2d\Q232_method2d_exp_20260413_105828.md
M2c,Q233,0.6666666666666666,0.5,0.75,3,8,8,data\expanded_outputs\method2d\Q233_method2d_exp_20260413_105938.md
M2c,Q234,0.75,0.625,0.625,4,8,8,data\expanded_outputs\method2d\Q234_method2d_exp_20260413_110102.md
M2c,Q235,0.3333333333333333,0.75,0.875,3,8,8,data\expanded_outputs\method2d\Q235_method2d_exp_20260413_110211.md
M2c,Q236,0.5,0.375,0.625,6,8,8,data\expanded_outputs\method2d\Q236_method2d_exp_20260413_110322.md
M2c,Q237,1.0,0.5,0.625,3,8,8,data\expanded_outputs\method2d\Q237_method2d_exp_20260413_110437.md
M2c,Q238,0.25,0.625,0.875,4,8,8,data\expanded_outputs\method2d\Q238_method2d_exp_20260413_110548.md
M2c,Q239,1.0,1.0,0.75,2,8,8,data\expanded_outputs\method2d\Q239_method2d_exp_20260413_110703.md
M2c,Q23,0.6666666666666666,0.625,0.75,3,8,8,data\expanded_outputs\method2d\Q23_method2d_exp_20260412_225901.md
M2c,Q240,0.6666666666666666,0.875,0.75,3,8,8,data\expanded_outputs\method2d\Q240_method2d_exp_20260413_110805.md
M2c,Q241,0.8333333333333334,0.625,0.375,6,8,8,data\expanded_outputs\method2d\Q241_method2d_exp_20260413_110913.md
M2c,Q242,0.3333333333333333,0.5,0.875,3,8,8,data\expanded_outputs\method2d\Q242_method2d_exp_20260413_111019.md
M2c,Q243,0.6666666666666666,0.75,0.75,3,8,8,data\expanded_outputs\method2d\Q243_method2d_exp_20260413_111127.md
M2c,Q244,,0.5,1.0,0,8,8,data\expanded_outputs\method2d\Q244_method2d_exp_20260413_111236.md
M2c,Q245,0.25,0.5,0.875,4,8,8,data\expanded_outputs\method2d\Q245_method2d_exp_20260413_111347.md
M2c,Q246,,0.625,1.0,0,8,8,data\expanded_outputs\method2d\Q246_method2d_exp_20260413_111438.md
M2c,Q247,0.8,0.625,0.5,5,8,8,data\expanded_outputs\method2d\Q247_method2d_exp_20260413_111551.md
M2c,Q248,0.0,0.5,1.0,4,8,8,data\expanded_outputs\method2d\Q248_method2d_exp_20260413_111658.md
M2c,Q249,0.3333333333333333,0.5,0.75,6,8,8,data\expanded_outputs\method2d\Q249_method2d_exp_20260413_111816.md
M2c,Q24,0.5,0.75,0.75,4,8,8,data\expanded_outputs\method2d\Q24_method2d_exp_20260412_230002.md
M2c,Q250,0.8,0.625,0.5,5,8,8,data\expanded_outputs\method2d\Q250_method2d_exp_20260413_111931.md
M2c,Q251,0.3333333333333333,0.5,0.75,6,8,8,data\expanded_outputs\method2d\Q251_method2d_exp_20260413_112035.md
M2c,Q25,,0.5,1.0,0,8,8,data\expanded_outputs\method2d\Q25_method2d_exp_20260412_230108.md
M2c,Q26,1.0,0.875,0.625,3,8,8,data\expanded_outputs\method2d\Q26_method2d_exp_20260412_230212.md
M2c,Q27,0.4,0.5,0.75,5,8,8,data\expanded_outputs\method2d\Q27_method2d_exp_20260412_230322.md
M2c,Q28,0.5,0.5,0.5,8,8,8,data\expanded_outputs\method2d\Q28_method2d_exp_20260412_230411.md
M2c,Q29,0.0,0.625,1.0,2,8,8,data\expanded_outputs\method2d\Q29_method2d_exp_20260412_230511.md
M2c,Q30,0.7142857142857143,0.625,0.375,7,8,8,data\expanded_outputs\method2d\Q30_method2d_exp_20260412_230620.md
M2c,Q31,0.5,0.5,0.75,4,8,8,data\expanded_outputs\method2d\Q31_method2d_exp_20260412_230601.md
M2c,Q32,0.6666666666666666,0.5,0.75,3,8,8,data\expanded_outputs\method2d\Q32_method2d_exp_20260412_230723.md
M2c,Q33,,0.875,1.0,0,8,8,data\expanded_outputs\method2d\Q33_method2d_exp_20260412_230824.md
M2c,Q34,0.5,0.75,0.75,4,8,8,data\expanded_outputs\method2d\Q34_method2d_exp_20260412_230928.md
M2c,Q35,0.6666666666666666,0.75,0.75,3,8,8,data\expanded_outputs\method2d\Q35_method2d_exp_20260412_231029.md
M2c,Q36,,0.75,1.0,0,8,8,data\expanded_outputs\method2d\Q36_method2d_exp_20260412_231110.md
M2c,Q37,0.8,0.625,0.5,5,8,8,data\expanded_outputs\method2d\Q37_method2d_exp_20260412_231220.md
M2c,Q38,0.6666666666666666,0.625,0.75,3,8,8,data\expanded_outputs\method2d\Q38_method2d_exp_20260412_231321.md
M2c,Q39,0.8333333333333334,0.75,0.375,6,8,8,data\expanded_outputs\method2d\Q39_method2d_exp_20260412_231427.md
M2c,Q40,,0.625,1.0,0,8,8,data\expanded_outputs\method2d\Q40_method2d_exp_20260412_231527.md
M2c,Q41,1.0,0.875,0.5,4,8,8,data\expanded_outputs\method2d\Q41_method2d_exp_20260412_231624.md
M2c,Q42,0.8333333333333334,0.75,0.375,6,8,8,data\expanded_outputs\method2d\Q42_method2d_exp_20260412_231726.md
M2c,Q43,0.5,0.5,0.5,8,8,8,data\expanded_outputs\method2d\Q43_method2d_exp_20260412_231834.md
M2c,Q44,0.5,0.5,0.625,6,8,8,data\expanded_outputs\method2d\Q44_method2d_exp_20260412_231918.md
M2c,Q45,0.3333333333333333,0.375,0.875,3,8,8,data\expanded_outputs\method2d\Q45_method2d_exp_20260412_232014.md
M2c,Q46,0.5,0.5,0.5,8,8,8,data\expanded_outputs\method2d\Q46_method2d_exp_20260412_232127.md
M2c,Q47,0.6,0.625,0.625,5,8,8,data\expanded_outputs\method2d\Q47_method2d_exp_20260412_232237.md
M2c,Q48,1.0,0.625,0.625,3,8,8,data\expanded_outputs\method2d\Q48_method2d_exp_20260412_232339.md
M2c,Q49,0.6666666666666666,0.625,0.75,3,8,8,data\expanded_outputs\method2d\Q49_method2d_exp_20260412_232442.md
M2c,Q50,0.6666666666666666,0.625,0.5,6,8,8,data\expanded_outputs\method2d\Q50_method2d_exp_20260412_232547.md
M2c,Q51,0.5,0.625,0.75,4,8,8,data\expanded_outputs\method2d\Q51_method2d_exp_20260412_232647.md
M2c,Q52,0.6666666666666666,0.625,0.75,3,8,8,data\expanded_outputs\method2d\Q52_method2d_exp_20260412_232744.md
M2c,Q53,1.0,0.625,0.625,3,8,8,data\expanded_outputs\method2d\Q53_method2d_exp_20260412_232843.md
M2c,Q54,0.5,0.25,0.875,2,8,8,data\expanded_outputs\method2d\Q54_method2d_exp_20260412_232928.md
M2c,Q55,0.5,0.375,0.875,2,8,8,data\expanded_outputs\method2d\Q55_method2d_exp_20260412_233018.md
M2c,Q56,1.0,0.375,0.75,2,8,8,data\expanded_outputs\method2d\Q56_method2d_exp_20260412_233116.md
M2c,Q57,0.5,0.5,0.75,4,8,8,data\expanded_outputs\method2d\Q57_method2d_exp_20260412_233215.md
M2c,Q58,0.8,0.625,0.5,5,8,8,data\expanded_outputs\method2d\Q58_method2d_exp_20260412_233322.md
M2c,Q59,0.75,0.5,0.625,4,8,8,data\expanded_outputs\method2d\Q59_method2d_exp_20260412_233425.md
M2c,Q60,0.6666666666666666,0.625,0.5,6,8,8,data\expanded_outputs\method2d\Q60_method2d_exp_20260412_233539.md
